source,cluster,bfa_env,wmu_x,wse,z,pleio,is_home
02M_NaCl,1,02M_NaCl,0.031405863915697725,0.006985253010347345,4.49602381891906,1,TRUE
21C,1,02M_NaCl,0.03316214093458104,0.004396263474866266,7.543256022795546,1,FALSE
37C,1,02M_NaCl,0.020737489264862234,0.005576787136310247,3.718536992355552,1,FALSE
CLM,1,02M_NaCl,-0.007989313967055118,0.00622931601254218,-1.282534703805255,0,FALSE
FLC4,1,02M_NaCl,-0.06478886741208659,0.015617093721477855,-4.148586706820095,-1,FALSE
GlyEtOH,1,02M_NaCl,0.006806193117664908,0.005872013411699238,1.1590901860177014,0,FALSE
pH3_8,1,02M_NaCl,0.030438999756736577,0.004807760475412128,6.331222179725437,1,FALSE
SC,1,02M_NaCl,0.02680652103693025,0.005235484809257888,5.120160216973294,1,FALSE
YPD,1,02M_NaCl,0.009320201381076424,0.0037967820409566602,2.454763344468425,1,FALSE
02M_NaCl,2,02M_NaCl,0.04077906436712196,0.010149938415126646,4.017666186658645,1,TRUE
21C,2,02M_NaCl,0.011125641419156743,0.006166781519024395,1.804124466682396,0,FALSE
37C,2,02M_NaCl,0.007691978751530748,0.0055988962200896565,1.373838422639592,0,FALSE
CLM,2,02M_NaCl,-0.018028618783833,0.00549870893344005,-3.2787003280339317,-1,FALSE
FLC4,2,02M_NaCl,-0.0216536155415685,0.005250724996597939,-4.1239287061497905,-1,FALSE
GlyEtOH,2,02M_NaCl,-0.02441379246937488,0.011607820251321527,-2.103219376316188,-1,FALSE
YPD,2,02M_NaCl,0.012758006763739876,0.0056440629142465,2.2604295801764835,1,FALSE
02M_NaCl,3,02M_NaCl,0.029451177468048376,0.004080237353744275,7.218005942968533,1,TRUE
37C,3,02M_NaCl,0.005898349240396625,0.005961826438225812,0.9893527263017611,0,FALSE
FLC4,3,02M_NaCl,-0.12624530592978747,0.004483631552485023,-28.156931374036933,-1,FALSE
GlyEtOH,3,02M_NaCl,-0.012659856966354922,0.010381295883735717,-1.2194871534476737,0,FALSE
pH3_8,3,02M_NaCl,0.034910913325287375,0.004974347636643663,7.018189293429195,1,FALSE
pH7_3,3,02M_NaCl,-0.003950764485926887,0.0070625519639994465,-0.5593961653047593,0,FALSE
YPD,3,02M_NaCl,0.03411488422311588,0.004661482448610275,7.318462441768183,1,FALSE
21C,4,02M_NaCl,0.045561830968848346,0.008796319456143481,5.179647146287676,1,FALSE
37C,4,02M_NaCl,0.028344046584304727,0.004307568960606525,6.580056371358419,1,FALSE
FLC4,4,02M_NaCl,-0.03046091917912407,0.007841727781708491,-3.8844652641700725,-1,FALSE
GlyEtOH,4,02M_NaCl,-0.01358361171118682,0.00887016193930848,-1.5313826065554113,0,FALSE
pH7_3,4,02M_NaCl,-0.019330011219791308,0.004439711312652954,-4.353889219035875,-1,FALSE
02M_NaCl,5,02M_NaCl,0.022049805300424875,0.0014869555347466867,14.828826272993572,1,TRUE
21C,5,02M_NaCl,0.03025249887965175,0.005248272305715962,5.7642776741411375,1,FALSE
37C,5,02M_NaCl,0.026272497686060367,0.003809916229879388,6.895820301773954,1,FALSE
FLC4,5,02M_NaCl,-0.007509934349105763,0.01229049411003243,-0.611035999193522,0,FALSE
GlyEtOH,5,02M_NaCl,0.011494873133268075,0.004749679130273763,2.4201367751352776,1,FALSE
pH7_3,5,02M_NaCl,0.007586980675785775,0.007581960457473675,1.0006621266808575,0,FALSE
02M_NaCl,6,02M_NaCl,0.0194161562554645,0.0059239423195886,3.277573481980306,1,TRUE
21C,6,02M_NaCl,0.018045041758304035,8.19766291271184e-4,22.01242226040082,1,FALSE
FLC4,6,02M_NaCl,0.003224633052315031,0.002101846568139152,1.534190507145308,0,FALSE
GlyEtOH,6,02M_NaCl,0.0033237172811202624,0.0064089545450166,0.5186052198957597,0,FALSE
pH3_8,6,02M_NaCl,0.019384253759475625,0.005667820015294225,3.420054572510867,1,FALSE
02M_NaCl,7,02M_NaCl,0.01677736428273,0.005433780098667162,3.087604573259281,1,TRUE
21C,7,02M_NaCl,0.04683858414466107,0.0035202771812288683,13.305368223393854,1,FALSE
37C,7,02M_NaCl,0.005316469638767437,0.005680914754519225,0.9358474591681087,0,FALSE
FLC4,7,02M_NaCl,-0.08047845737464084,0.0020525394122033304,-39.209214154991535,-1,FALSE
GlyEtOH,7,02M_NaCl,0.010161977156694754,0.0069976817634510875,1.4521919544513713,0,FALSE
pH3_8,7,02M_NaCl,0.047080783649676376,0.004794269557123825,9.82022038784174,1,FALSE
21C,8,02M_NaCl,0.03428699911047364,0.005052066364532022,6.786727773646276,1,FALSE
pH3_8,8,02M_NaCl,0.020155169212344375,0.005880093966617687,3.427695089018775,1,FALSE
21C,9,02M_NaCl,0.01535470565546425,0.005392357547863475,2.8474939799843195,1,FALSE
37C,9,02M_NaCl,-0.0500305589900255,0.010236092691231113,-4.8876617767329185,-1,FALSE
GlyEtOH,9,02M_NaCl,0.014500215383013455,0.0056981675221125785,2.544715529465084,1,FALSE
21C,10,02M_NaCl,0.019879466270892,0.00411395839842805,4.832199148753662,1,FALSE
37C,10,02M_NaCl,0.018263690169225,0.004080393760044762,4.475962674990623,1,FALSE
GlyEtOH,10,02M_NaCl,-0.05777899685491144,0.00471206053325042,-12.261938582324406,-1,FALSE
GlyEtOH,12,02M_NaCl,-0.005411903456535675,0.005903629174441625,-0.9167078921496694,0,FALSE
GlyEtOH,13,02M_NaCl,-0.0646320946611925,0.01281118527386025,-5.044973847429001,-1,FALSE
GlyEtOH,14,02M_NaCl,-0.0156838227367425,0.0053860850161099,-2.9119151832605383,-1,FALSE
GlyEtOH,15,02M_NaCl,-0.03309331664251437,0.0071273165694551,-4.643166375454603,-1,FALSE
02M_NaCl,1,21C,0.020868328237600074,0.005450190897999374,3.828916936700383,1,FALSE
21C,1,21C,0.024665500658825973,0.003938598363209403,6.262507213029729,1,TRUE
37C,1,21C,0.0011911231749156398,0.004245737023584965,0.280545678712313,0,FALSE
CLM,1,21C,-0.019336738247303854,0.008054742257332407,-2.400665052901128,-1,FALSE
FLC4,1,21C,-0.056620282774302345,0.008012519760842112,-7.066476522280873,-1,FALSE
GlyEtOH,1,21C,0.001857104834566487,0.009993224479513375,0.18583639728834747,0,FALSE
pH3_8,1,21C,0.018649489823416243,0.005666734972845225,3.29104676904494,1,FALSE
SC,1,21C,0.01775174161487075,0.004579028859032175,3.876748140570305,1,FALSE
YPD,1,21C,0.002657859719128721,0.002225631356488187,1.194204831532633,0,FALSE
02M_NaCl,2,21C,0.010059730274616426,0.005669701308619057,1.7742963389135977,0,FALSE
21C,2,21C,0.011031756308362959,0.0021422034961570617,5.149723790551659,1,TRUE
37C,2,21C,-0.010070177528208286,0.002370949646986442,-4.247318175233213,-1,FALSE
CLM,2,21C,-0.04251444485509188,0.006198546418496225,-6.858776555779336,-1,FALSE
FLC4,2,21C,-0.030948490459000676,0.003299855534602915,-9.378741018953376,-1,FALSE
GlyEtOH,2,21C,-0.0362050745328495,0.009943751039609492,-3.640987630184206,-1,FALSE
YPD,2,21C,0.013332058965876374,0.004457219727507213,2.991115489236289,1,FALSE
02M_NaCl,3,21C,0.008885957873294117,0.001953376508284198,4.549024643026624,1,FALSE
37C,3,21C,0.008647211291330975,0.005218739058366662,1.6569541405730566,0,FALSE
FLC4,3,21C,0.004878426377197828,0.01621066937876204,0.30093923102208003,0,FALSE
GlyEtOH,3,21C,-0.031907141440377075,0.010210262250126046,-3.1250070427900303,-1,FALSE
pH3_8,3,21C,0.006885561122567238,0.004445104110792,1.5490213391965781,0,FALSE
pH7_3,3,21C,-0.027274534108120693,0.009394780559095626,-2.9031581883745705,-1,FALSE
YPD,3,21C,0.0259304363876355,0.003804423224746575,6.815865337737972,1,FALSE
21C,4,21C,0.03413310206159973,0.003914523997457129,8.719604754951703,1,TRUE
37C,4,21C,0.013793652854970893,0.006897813980287208,1.9997136620950973,1,FALSE
FLC4,4,21C,-0.027989508564415295,0.010174490003770699,-2.7509495369342636,-1,FALSE
GlyEtOH,4,21C,-0.01628159852446516,0.008411733077310479,-1.935581927627089,0,FALSE
pH7_3,4,21C,-0.03869587731173401,0.009249104039779812,-4.183743327494803,-1,FALSE
02M_NaCl,5,21C,0.009198834951133003,0.002419381057239984,3.802143909329844,1,FALSE
21C,5,21C,0.0287173989028675,0.004475867810736525,6.416051616623127,1,TRUE
37C,5,21C,0.018361713762949258,0.004847514844051882,3.787861276068067,1,FALSE
FLC4,5,21C,-0.02789895301340986,0.005364308469185817,-5.200848007468203,-1,FALSE
GlyEtOH,5,21C,0.01272261308075625,0.0037513456511867626,3.3914798218424282,1,FALSE
pH7_3,5,21C,7.605417781150625e-4,0.0063623845869365874,0.11953722188951396,0,FALSE
02M_NaCl,6,21C,-0.0022367585377453,0.005627902254461275,-0.39744090011019767,0,FALSE
21C,6,21C,0.007128735228648566,0.002628917000077718,2.711662341731527,1,TRUE
FLC4,6,21C,0.006298833444558903,0.0018155057309330945,3.4694649194643765,1,FALSE
GlyEtOH,6,21C,-0.0263644767480935,0.006554797510550525,-4.022164941885322,-1,FALSE
pH3_8,6,21C,0.0015314735880270125,0.005335225258332313,0.2870494709919186,0,FALSE
02M_NaCl,7,21C,0.010319758276807362,0.004617070485582225,2.235131196076166,1,FALSE
21C,7,21C,0.0410144439343196,0.006591438896414273,6.22238096701941,1,TRUE
37C,7,21C,-0.04561019895042737,0.008389946689746625,-5.436291866570227,-1,FALSE
FLC4,7,21C,-0.0064031567120326665,0.002538268519459906,-2.522647490973545,-1,FALSE
GlyEtOH,7,21C,0.01126860230777292,0.004128948417268494,2.729170037737518,1,FALSE
pH3_8,7,21C,0.023434966841364126,0.0043881954678514,5.340456461671391,1,FALSE
21C,8,21C,0.03180804431061861,0.0033099221639324833,9.609907041689405,1,TRUE
pH3_8,8,21C,0.005548682850031062,0.005507867583808225,1.0074103572029989,0,FALSE
21C,9,21C,0.00731736851782195,0.004705724517463737,1.5549929645617717,0,TRUE
37C,9,21C,0.00488070475854955,0.005130401303614712,0.9513300168372337,0,FALSE
GlyEtOH,9,21C,0.008765408360676042,0.004335111365543653,2.021956905270137,1,FALSE
21C,10,21C,0.037116376068075,0.0029052201415102875,12.775753388787928,1,TRUE
37C,10,21C,0.03386464166634975,0.00288562497420405,11.73563507700467,1,FALSE
GlyEtOH,10,21C,-0.024406179857020812,0.020723244577758818,-1.1777200122038176,0,FALSE
GlyEtOH,12,21C,-0.0297764173305375,0.005680670746780225,-5.241708005593287,-1,FALSE
GlyEtOH,13,21C,0.007798982673275875,0.005142617525952525,1.5165395120126755,0,FALSE
GlyEtOH,14,21C,-0.024721103285008875,0.004641878442293188,-5.325667957990757,-1,FALSE
GlyEtOH,15,21C,-0.036264450410679376,0.005890508192051775,-6.156421352509449,-1,FALSE
02M_NaCl,1,37C,0.00830300079846469,0.006066405325153838,1.3686854658453165,0,FALSE
21C,1,37C,0.005946698895725878,0.004765062497645923,1.2479792025107157,0,FALSE
37C,1,37C,0.017107947104922274,0.00611127889361909,2.7994053949632423,1,TRUE
CLM,1,37C,-0.009431885741815185,0.010611871059605305,-0.8888051587545384,0,FALSE
FLC4,1,37C,-0.03665686527644341,0.009170316513143316,-3.9973391566043674,-1,FALSE
GlyEtOH,1,37C,0.0031846024277179708,0.005247391416501374,0.6068924871324466,0,FALSE
pH3_8,1,37C,0.00629008918543224,0.004865469114538193,1.2928022020810352,0,FALSE
SC,1,37C,0.009326015880541412,0.005505068094394212,1.694078205869616,0,FALSE
YPD,1,37C,-0.005886585320277501,0.0051017962828063985,-1.1538260240056872,0,FALSE
02M_NaCl,2,37C,0.0034016025070685517,0.004391029219946612,0.7746708884597013,0,FALSE
21C,2,37C,0.0039237863615802565,0.0046585149999438845,0.8422826505071942,0,FALSE
37C,2,37C,0.017871741989112958,0.010389990710193989,1.7200922010044106,0,TRUE
CLM,2,37C,-0.027561637254509375,0.00639340696586815,-4.310946792789816,-1,FALSE
FLC4,2,37C,-0.05276392158955104,0.007618882874608325,-6.925414454840737,-1,FALSE
GlyEtOH,2,37C,-0.04856183254388236,0.022943788135902213,-2.116556876146066,-1,FALSE
YPD,2,37C,0.0018030363647390626,0.0062296715452297,0.2894271955830026,0,FALSE
02M_NaCl,3,37C,0.03419015883595658,0.0037202254439129994,9.190345948495734,1,FALSE
37C,3,37C,0.011766377704475726,0.005644986163128113,2.084394427984834,1,TRUE
FLC4,3,37C,-0.03053029494671424,0.008096006499842767,-3.771031427322492,-1,FALSE
GlyEtOH,3,37C,-0.008869503171246674,0.013445780725033909,-0.659649547514416,0,FALSE
pH3_8,3,37C,0.033959650859732377,0.004978098627403463,6.821811579383164,1,FALSE
pH7_3,3,37C,-0.016070624136581918,0.0068011937665539415,-2.3629122604346344,-1,FALSE
YPD,3,37C,0.012174558393284424,0.004981592821799125,2.4439087715096566,1,FALSE
21C,4,37C,-0.05116623227029262,0.009215631618917475,-5.552113450939234,-1,FALSE
37C,4,37C,0.024879423483084532,0.010351317160092735,2.4035031579364383,1,TRUE
FLC4,4,37C,-0.02846627885266489,0.004517338290677695,-6.301560126991144,-1,FALSE
GlyEtOH,4,37C,-0.0087563129049345809,0.009508327410756226,-0.9209099063026653,0,FALSE
pH7_3,4,37C,-0.054848951860299304,0.006102824693082808,-8.987469674897815,-1,FALSE
02M_NaCl,5,37C,0.002710358775004499,0.007908020949851612,0.34273540651853696,0,FALSE
21C,5,37C,0.035347175944364,0.005455578944231175,6.479087976857291,1,FALSE
37C,5,37C,0.015667390493516408,0.004990319735524808,3.139556446049793,1,TRUE
FLC4,5,37C,-0.024893704261065658,0.019976847267680668,-1.2461277761951794,0,FALSE
GlyEtOH,5,37C,-0.0011216965692961538,0.005575244481542462,-0.20119235542220062,0,FALSE
pH7_3,5,37C,-6.761144623912975e-4,0.007282644296084025,-0.0928391439843977,0,FALSE
02M_NaCl,6,37C,0.005209921946963537,0.0058315714707837,0.8933993132152045,0,FALSE
21C,6,37C,-0.00732946337782472,0.0018545678212726568,-3.9521139608661144,-1,FALSE
FLC4,6,37C,-0.005543844903255267,0.003822464676395035,-1.4503325400206615,0,FALSE
GlyEtOH,6,37C,-0.040787314101437,0.007102919777660787,-5.742330672199924,-1,FALSE
pH3_8,6,37C,0.0011713830381197676,0.005960389256757975,0.19652794266609963,0,FALSE
02M_NaCl,7,37C,-0.001823297197366375,0.00628701947178685,-0.2900097900998183,0,FALSE
21C,7,37C,0.012473660593578925,0.007747684470720557,1.6099856209579013,0,FALSE
37C,7,37C,0.010100533485136625,0.0054010077521343,1.870120160658023,0,TRUE
FLC4,7,37C,-0.051069030329728565,0.01065092414801497,-4.7947980494487314,-1,FALSE
GlyEtOH,7,37C,0.004217266800286487,0.010121709116840249,0.4166556015001363,0,FALSE
pH3_8,7,37C,0.003783554185032975,0.005296040327783525,0.7144118909337027,0,FALSE
21C,8,37C,-0.10700190022552108,0.013020480056574985,-8.217968904417473,-1,FALSE
pH3_8,8,37C,-0.017000225377659876,0.006314582846787275,-2.692216697467075,-1,FALSE
21C,9,37C,0.0043341417064104,0.005324805378511512,0.8139530740223898,0,FALSE
37C,9,37C,0.0057818281650306,0.0054146014281419375,1.067821563925284,0,TRUE
GlyEtOH,9,37C,-0.01083599998257911,0.00414067055618771,-2.616967429680218,-1,FALSE
21C,10,37C,0.06140048921961225,0.0045945976594357,13.363626974718247,1,FALSE
37C,10,37C,0.060526967771165625,0.004589635442638025,13.187750645479591,1,TRUE
GlyEtOH,10,37C,0,0,NaN,0,FALSE
GlyEtOH,12,37C,-0.03653898345409875,0.0059918191561598,-6.098145238000948,-1,FALSE
GlyEtOH,13,37C,0.009404624136670574,0.005873257565701625,1.6012619966798765,0,FALSE
GlyEtOH,14,37C,-0.03211144571440225,0.005806515238896975,-5.530243940340066,-1,FALSE
GlyEtOH,15,37C,-0.079466127811616,0.00771448367056485,-10.3009003849246,-1,FALSE
02M_NaCl,1,CLM,0.12047720723943818,0.06755922355362211,1.7832828872554285,0,FALSE
21C,1,CLM,0.13778164527916223,0.07094289971422145,1.9421484860949667,0,FALSE
37C,1,CLM,0.14569161496048816,0.03835627119669727,3.798377955285528,1,FALSE
CLM,1,CLM,0.7308111624161391,0.059151869330088314,12.354827847247815,1,TRUE
FLC4,1,CLM,0.37584684180005634,0.05657677685819861,6.643129260298113,1,FALSE
GlyEtOH,1,CLM,0.162702458424959,0.06024218287064191,2.7008061572790303,1,FALSE
pH3_8,1,CLM,0.18440315449482556,0.04074706125284808,4.525557152466705,1,FALSE
SC,1,CLM,0.24584296241692374,0.05330679878192125,4.611850046045163,1,FALSE
YPD,1,CLM,0.21387687523999813,0.0722348114054657,2.9608560066623912,1,FALSE
02M_NaCl,2,CLM,0.10910354275594286,0.017401124666352342,6.269913287094067,1,FALSE
21C,2,CLM,0.20735799499691934,0.046202434506717,4.488031793363036,1,FALSE
37C,2,CLM,0.16054655588945993,0.06807550038899118,2.358360276047603,1,FALSE
CLM,2,CLM,0.7121612337007175,0.02548362208692425,27.945840323308293,1,TRUE
FLC4,2,CLM,0.2592874827921296,0.06563196476467179,3.950628077672577,1,FALSE
GlyEtOH,2,CLM,0.27003968737817574,0.06595556587180335,4.094266856917687,1,FALSE
YPD,2,CLM,0.16319697594631125,0.05923188345887,2.7552217896233797,1,FALSE
02M_NaCl,3,CLM,0.051561280184342424,0.07098546831106115,0.7263638799760938,0,FALSE
37C,3,CLM,0.16973141963666125,0.06256959860808463,2.7126819320002835,1,FALSE
FLC4,3,CLM,0.3752023678993933,0.08790916187460188,4.268068991882793,1,FALSE
GlyEtOH,3,CLM,0.23037498122536612,0.10745161384137258,2.143988098358964,1,FALSE
pH3_8,3,CLM,0.06167788481072713,0.07382575922051188,0.8354520896493596,0,FALSE
pH7_3,3,CLM,0.2376573845154976,0.0727028929326856,3.268884839775779,1,FALSE
YPD,3,CLM,0.2365026409614075,0.04088769976889525,5.784200194634661,1,FALSE
21C,4,CLM,0.14665892674074332,0.04556657830653936,3.2185635215821327,1,FALSE
37C,4,CLM,0.10533951069753567,0.08268014654643195,1.2740605223574266,0,FALSE
FLC4,4,CLM,0.3101212586428192,0.04137647921261317,7.495109892005555,1,FALSE
GlyEtOH,4,CLM,0.20794068288184264,0.0923346512383719,2.2520330135327122,1,FALSE
pH7_3,4,CLM,0.081385785300999,0.05088872924318914,1.5992890078286153,0,FALSE
02M_NaCl,5,CLM,0.15508495527660032,0.006555304392216935,23.657933483719162,1,FALSE
21C,5,CLM,0.16844265903096375,0.07050434937147362,2.3891101830253385,1,FALSE
37C,5,CLM,0.16806206306408278,0.04022242136985375,4.178317896844554,1,FALSE
FLC4,5,CLM,0.37787128237255657,0.13848955310472033,2.7285183170951908,1,FALSE
GlyEtOH,5,CLM,0.20052078745839125,0.03776978595444187,5.309026312732101,1,FALSE
pH7_3,5,CLM,0.333824443324565,0.08401797379301162,3.9732503445867624,1,FALSE
02M_NaCl,6,CLM,0.14581476872753124,0.1315264546943425,1.1086345257795758,0,FALSE
21C,6,CLM,0.10001231450472081,0.025152489877006717,3.9762391315440944,1,FALSE
FLC4,6,CLM,0.26949879066807014,0.026118162444916528,10.318443774000022,1,FALSE
GlyEtOH,6,CLM,0.29212613710402124,0.057160687628261125,5.110612716974901,1,FALSE
pH3_8,6,CLM,0.14972830229134124,0.08351733606770062,1.7927811079842015,0,FALSE
02M_NaCl,7,CLM,0.01668789295474425,0.1315264546943425,0.12687860395481387,0,FALSE
21C,7,CLM,0.2043853502823043,0.06975299558137786,2.9301300765478464,1,FALSE
37C,7,CLM,0.1812333956421875,0.08920327866846813,2.031689847586852,1,FALSE
FLC4,7,CLM,0.29301524995942957,0.014613833834186775,20.050539323498143,1,FALSE
GlyEtOH,7,CLM,0.17590761632168841,0.027907512606554552,6.30323521847567,1,FALSE
pH3_8,7,CLM,0.11480959405294212,0.08351733606770062,1.374679790551215,0,FALSE
21C,8,CLM,0.2561791938918593,0.09961529229965607,2.571685410722263,1,FALSE
pH3_8,8,CLM,0.14142667925237126,0.1182181209130625,1.1963198041049588,0,FALSE
21C,9,CLM,0.06759311534274512,0.1182181209130625,0.571766111833676,0,FALSE
37C,9,CLM,0.125236885091125,0.08351733606770062,1.4995316061039803,0,FALSE
GlyEtOH,9,CLM,0.20467310853705384,0.0348447208487719,5.873862770356145,1,FALSE
21C,10,CLM,0.2087969896799175,0.026019616647173626,8.024598998179245,1,FALSE
37C,10,CLM,0.18136586289245876,0.025727910902066126,7.049381645592291,1,FALSE
GlyEtOH,10,CLM,0.19475191329264935,0.036895461344122436,5.278478875117086,1,FALSE
GlyEtOH,12,CLM,0.15866716964216876,0.045728934447636,3.4697324912273615,1,FALSE
GlyEtOH,13,CLM,0.26453060405614,0.05785932845416712,4.57196118799903,1,FALSE
GlyEtOH,14,CLM,0.1787162782012525,0.0394077153152165,4.535058091333825,1,FALSE
GlyEtOH,15,CLM,0.185058440189895,0.044667334571649,4.143037455997078,1,FALSE
02M_NaCl,1,FLC4,0.09865647952511324,0.0895212486996666,1.1020453909897334,0,FALSE
21C,1,FLC4,0.11923467863237264,0.07910735449139066,1.507251498915301,0,FALSE
37C,1,FLC4,0.05320570251434486,0.1211309894775339,0.43924104594401003,0,FALSE
CLM,1,FLC4,0.7106550179368982,0.0225470061445834,31.51881954436878,1,FALSE
FLC4,1,FLC4,0.5158660370430022,0.052390469496101155,9.846562590575608,1,TRUE
GlyEtOH,1,FLC4,0.17413735671043823,0.07458309695965612,2.3348099476833677,1,FALSE
pH3_8,1,FLC4,0.2143498763915546,0.061770592690263866,3.4700958345400483,1,FALSE
SC,1,FLC4,0.21978844894328875,0.04843084042663925,4.538191924961821,1,FALSE
YPD,1,FLC4,0.208701713532474,0.048331043820224726,4.318171035344785,1,FALSE
02M_NaCl,2,FLC4,0.1463383307148275,0.03190341490639231,4.586917455206542,1,FALSE
21C,2,FLC4,0.383785726260711,0.15458837601961783,2.482629911397783,1,FALSE
37C,2,FLC4,0.08558067425597218,0.0971524104645729,0.8808908996362945,0,FALSE
CLM,2,FLC4,0.6710425739858238,0.013454211061931126,49.87602549840681,1,FALSE
FLC4,2,FLC4,0.220694380074517,0.05825952948464813,3.7881249990642614,1,TRUE
GlyEtOH,2,FLC4,0.21210543870218107,0.0717583590443974,2.955829000645764,1,FALSE
YPD,2,FLC4,0.232872276763775,0.04147328145436875,5.614995211314404,1,FALSE
02M_NaCl,3,FLC4,0.13016722938109546,0.09303354828892378,1.3991429089305483,0,FALSE
37C,3,FLC4,0.1358924147131425,0.0750299324341725,1.811176024080359,0,FALSE
FLC4,3,FLC4,0.40003320071627657,0.002168447819392867,184.4790532373889,1,TRUE
GlyEtOH,3,FLC4,0.17507069519095925,0.09854056599270931,1.776635778648888,0,FALSE
pH3_8,3,FLC4,0.10447811117802913,0.05730459099571838,1.8232066464942644,0,FALSE
pH7_3,3,FLC4,0.27943210956376535,0.09981250753390816,2.7995700786180238,1,FALSE
YPD,3,FLC4,0.23024750840880376,0.04289899859357125,5.367200073600509,1,FALSE
21C,4,FLC4,0.12415393521945296,0.015527801380423334,7.995590114643014,1,FALSE
37C,4,FLC4,0.14273656432698867,0.03351987511374546,4.25826659086975,1,FALSE
FLC4,4,FLC4,0.359984417963762,0.11537861523853771,3.120027201050367,1,TRUE
GlyEtOH,4,FLC4,0.1641200626736781,0.11026932619807112,1.488356448092171,0,FALSE
pH7_3,4,FLC4,0.13221688765626197,0.03352237558097185,3.944138366235346,1,FALSE
02M_NaCl,5,FLC4,0.12526222134273549,0.02848603702069392,4.397320036189579,1,FALSE
21C,5,FLC4,0.024165180210380374,0.105369499961578,0.2293375238488555,0,FALSE
37C,5,FLC4,0.16019948867768596,0.05422931461285697,2.954112361945748,1,FALSE
FLC4,5,FLC4,0.6167657886473648,0.23783792829454534,2.593218806899227,1,TRUE
GlyEtOH,5,FLC4,0.21672081032877374,0.0306290962533445,7.075651483027653,1,FALSE
pH7_3,5,FLC4,0.29110655625174,0.06734124003061713,4.322857080139696,1,FALSE
02M_NaCl,6,FLC4,0.05639381887314275,0.14848977420787626,0.37978250808163383,0,FALSE
21C,6,FLC4,0.19366105356572982,0.05003560967580508,3.870464551556677,1,FALSE
FLC4,6,FLC4,0.6673182954092911,0.017664482502947186,37.77740419499717,1,TRUE
GlyEtOH,6,FLC4,0.08992681719747762,0.0863359968269435,1.0415912308018145,0,FALSE
pH3_8,6,FLC4,0.2539501158182487,0.061685307602791374,4.116865517693504,1,FALSE
02M_NaCl,7,FLC4,0.119200990635077,0.05730459099571838,2.0801298563318134,1,FALSE
21C,7,FLC4,0.20101093478670615,0.07435017036643822,2.7035706010627085,1,FALSE
37C,7,FLC4,0.21798985676177626,0.05088026581462925,4.284369455850979,1,FALSE
FLC4,7,FLC4,0.11383177387738544,0.06502790796181109,1.7505064739932181,0,TRUE
GlyEtOH,7,FLC4,0.24993125367258398,0.04006041810366624,6.238857842816943,1,FALSE
pH3_8,7,FLC4,0.15868260931238626,0.0750299324341725,2.1149240598291414,1,FALSE
21C,8,FLC4,0.07673274660298673,0.04229296195548899,1.8143147950655174,0,FALSE
pH3_8,8,FLC4,0.0806633206782625,0.105369499961578,0.7655281718872693,0,FALSE
21C,9,FLC4,0.116623579734735,0.061685307602791374,1.8906216774617748,0,FALSE
37C,9,FLC4,0.28409537292036,0.04450464680261487,6.383499102472778,1,FALSE
GlyEtOH,9,FLC4,0.1767318400216517,0.04644911791308579,3.8048481426998695,1,FALSE
21C,10,FLC4,0.16758992426008376,0.0141280714206835,11.862194015719094,1,FALSE
37C,10,FLC4,0.23445515436201,0.012931508663452,18.1305337578008,1,FALSE
GlyEtOH,10,FLC4,0.1464638244145574,0.18421284015969752,0.7950793456503098,0,FALSE
GlyEtOH,12,FLC4,0.12272235025591413,0.053785410480336124,2.281703331069329,1,FALSE
GlyEtOH,13,FLC4,0.08992681719747787,0.105369499961578,0.8534425733278496,0,FALSE
GlyEtOH,14,FLC4,0.10603092617784887,0.04147328145436875,2.5566080729471596,1,FALSE
GlyEtOH,15,FLC4,0.22809228260449,0.0332884057660935,6.852003793970135,1,FALSE
02M_NaCl,1,GlyEtOH,0.02209165790546435,0.007545964806343103,2.9276121042724985,1,FALSE
21C,1,GlyEtOH,0.023475865945506155,0.0047648209651065514,4.926914592893038,1,FALSE
37C,1,GlyEtOH,-0.011634465030921515,0.008794723916155284,-1.3228914451253926,0,FALSE
CLM,1,GlyEtOH,-0.022923847115150487,0.010082047800128141,-2.273729263102594,-1,FALSE
FLC4,1,GlyEtOH,-0.047868762445276894,0.012672951237169524,-3.7772387464790937,-1,FALSE
GlyEtOH,1,GlyEtOH,0.06172911585392329,0.012504062442617174,4.936724855398516,1,TRUE
pH3_8,1,GlyEtOH,0.024225911932294238,0.004399142521159873,5.5069622808917,1,FALSE
SC,1,GlyEtOH,0.014163060478537375,0.0065091552186827125,2.1758676821665373,1,FALSE
YPD,1,GlyEtOH,-0.003587992513121919,0.004347167375105367,-0.8253633236366826,0,FALSE
02M_NaCl,2,GlyEtOH,0.006251593764422412,0.008126350567257775,0.7692990491464858,0,FALSE
21C,2,GlyEtOH,0.03834507127268097,0.014068461251466909,2.725605209218084,1,FALSE
37C,2,GlyEtOH,0.022170041007308797,0.013182857044618147,1.6817326420420857,0,FALSE
CLM,2,GlyEtOH,-0.06742664987439838,0.009601030803615837,-7.022855280185632,-1,FALSE
FLC4,2,GlyEtOH,0.021182754697534577,0.0029033430097576535,7.29598763437281,1,FALSE
GlyEtOH,2,GlyEtOH,0.034118419250405534,0.013480838149828544,2.530882640323033,1,TRUE
YPD,2,GlyEtOH,0.04401136230860837,0.005801188816785313,7.5866108996943415,1,FALSE
02M_NaCl,3,GlyEtOH,0.033536170731034175,6.455259886924216e-4,51.95169724919223,1,FALSE
37C,3,GlyEtOH,0.009678075267146537,0.007954054813976213,1.2167473689194368,0,FALSE
FLC4,3,GlyEtOH,-0.05868343871602731,0.006786556147081831,-8.64701292440655,-1,FALSE
GlyEtOH,3,GlyEtOH,0.06082938742007464,0.015040828559497118,4.0442843410821006,1,TRUE
pH3_8,3,GlyEtOH,0.03129562870713363,0.006257705402804263,5.00113487175493,1,FALSE
pH7_3,3,GlyEtOH,-0.011945927767687468,0.009487351075670539,-1.2591425859976584,0,FALSE
YPD,3,GlyEtOH,0.014501150235305625,0.005137435928689675,2.822643520345412,1,FALSE
21C,4,GlyEtOH,0.03223427324685655,0.004826455779595949,6.6786633336885295,1,FALSE
37C,4,GlyEtOH,0.01621752713047534,0.005991518640072016,2.7067473381473803,1,FALSE
FLC4,4,GlyEtOH,-0.02223183976158858,0.006088866017175181,-3.6512282745059714,-1,FALSE
GlyEtOH,4,GlyEtOH,0.03257913149969375,0.01179829832586508,2.7613415595935074,1,TRUE
pH7_3,4,GlyEtOH,-0.015708534134539417,0.0065331255234938115,-2.404443949232242,-1,FALSE
02M_NaCl,5,GlyEtOH,0.014984717930259135,0.01924429137133,0.7786578181092838,0,FALSE
21C,5,GlyEtOH,0.05269439392587325,0.005301059719067288,9.940350933293153,1,FALSE
37C,5,GlyEtOH,0.01705916545880866,0.005055725544333244,3.3742269648971708,1,FALSE
FLC4,5,GlyEtOH,-0.026734215441412704,0.008504022791721902,-3.14371399232804,-1,FALSE
GlyEtOH,5,GlyEtOH,0.065987988052249,0.004633797149877825,14.24058626605803,1,TRUE
pH7_3,5,GlyEtOH,0.02470907197321225,0.010272923298190738,2.4052619936882036,1,FALSE
02M_NaCl,6,GlyEtOH,0.019563682976486627,0.007622307273939388,2.5666353078384434,1,FALSE
21C,6,GlyEtOH,-0.005490980529164715,0.004620963410402698,-1.1882761323760838,0,FALSE
FLC4,6,GlyEtOH,-0.002018481524684732,0.007199949915980881,-0.28034660632910047,0,FALSE
GlyEtOH,6,GlyEtOH,0.06397564218709012,0.00545717703827995,11.723211788499102,1,TRUE
pH3_8,6,GlyEtOH,0.01882273848085175,0.006925174333359112,2.7180165544975714,1,FALSE
02M_NaCl,7,GlyEtOH,0.02078627203321425,0.006061310049732538,3.429336539900556,1,FALSE
21C,7,GlyEtOH,0.008676431206263867,0.004999204873214788,1.7355622396576043,0,FALSE
37C,7,GlyEtOH,-0.0053977273465028374,0.0076026265593972875,-0.7099819127418449,0,FALSE
FLC4,7,GlyEtOH,0.009436012513451256,7.902099099037027e-4,11.94114677023116,1,FALSE
GlyEtOH,7,GlyEtOH,0.04398311131256872,0.010524561229529628,4.179092159125996,1,TRUE
pH3_8,7,GlyEtOH,0.03383038000287025,0.005564318174843025,6.079878781163452,1,FALSE
21C,8,GlyEtOH,0.03713448628448582,0.001387751713317247,26.758739281769984,1,FALSE
pH3_8,8,GlyEtOH,0.031197794196424874,0.0066759720966386125,4.673146284139373,1,FALSE
21C,9,GlyEtOH,0.030418619408117624,0.006084603952082725,4.999276805469895,1,FALSE
37C,9,GlyEtOH,0.010061536047709313,0.007661588716055687,1.3132440829960341,0,FALSE
GlyEtOH,9,GlyEtOH,0.030801177169090272,0.004795634284604347,6.422753558996932,1,TRUE
21C,10,GlyEtOH,0.08997179516665188,0.0044405600709096875,20.261362019638295,1,FALSE
37C,10,GlyEtOH,0.08683547941253288,0.004435162795726675,19.578870813084865,1,FALSE
GlyEtOH,10,GlyEtOH,0.04953495438259172,0.01472609836455558,3.3637527847714224,1,TRUE
GlyEtOH,12,GlyEtOH,0.056548669765665624,0.005300324598922925,10.668906915089094,1,TRUE
GlyEtOH,13,GlyEtOH,0.043903406700679624,0.006160455988841663,7.126648868233322,1,TRUE
GlyEtOH,14,GlyEtOH,0.07418354515573088,0.004568309669219388,16.238729536127753,1,TRUE
GlyEtOH,15,GlyEtOH,0.07717921456196625,0.004645647038841688,16.613232541491048,1,TRUE
02M_NaCl,1,pH3_8,0.011155070449613646,0.003889992154337721,2.8676331486105062,1,FALSE
21C,1,pH3_8,0.007899442096750003,0.002983540619931552,2.6476737216104103,1,FALSE
37C,1,pH3_8,-0.0018702089044293337,0.004080023803380282,-0.458381861125387,0,FALSE
CLM,1,pH3_8,-0.02187851466317641,0.008890895814554328,-2.4607773074296353,-1,FALSE
FLC4,1,pH3_8,-0.06096434552274891,0.01157389398274727,-5.267401413355432,-1,FALSE
GlyEtOH,1,pH3_8,0.00223304441448742,0.011045726237760694,0.20216365736583078,0,FALSE
pH3_8,1,pH3_8,0.010093048884442513,0.0023826487314831425,4.236062475797609,1,TRUE
SC,1,pH3_8,0.00659976067824895,0.006122908078937825,1.0778800846204843,0,FALSE
YPD,1,pH3_8,-0.016658495812733792,0.0049430995136001705,-3.370050666975352,-1,FALSE
02M_NaCl,2,pH3_8,0.009249759789830964,0.00536846256565134,1.7229811471561818,0,FALSE
21C,2,pH3_8,0.009039330276435303,0.00098140172792501911,9.210632118558818,1,FALSE
37C,2,pH3_8,-0.010126336500615375,0.005479008466714416,-1.8482060325575316,0,FALSE
CLM,2,pH3_8,-0.04919123496163225,0.007641103213717875,-6.437713715647827,-1,FALSE
FLC4,2,pH3_8,-0.03690291808404663,0.004494826508839934,-8.210087310704873,-1,FALSE
GlyEtOH,2,pH3_8,-0.039753758543422384,0.011079819374143098,-3.587942835620179,-1,FALSE
YPD,2,pH3_8,0.01374760658918775,0.006335276504663275,2.170008930007775,1,FALSE
02M_NaCl,3,pH3_8,0.03774239158733071,0.001458856355733042,25.871218532935018,1,FALSE
37C,3,pH3_8,-0.0032392070545452377,0.006535750657323825,-0.49561362181334906,0,FALSE
FLC4,3,pH3_8,-0.06763435028470191,0.013353888091815811,-5.064768389526413,-1,FALSE
GlyEtOH,3,pH3_8,-0.02927901775265747,0.008240164327820904,-3.553207992928492,-1,FALSE
pH3_8,3,pH3_8,0.03905193678243875,0.005457521857418587,7.155617110237347,1,TRUE
pH7_3,3,pH3_8,-0.010733455426144118,0.005906147588905604,-1.8173361340150669,0,FALSE
YPD,3,pH3_8,-0.0060224282132553,0.005734818414025788,-1.050151509335692,0,FALSE
21C,4,pH3_8,0.00744178753308652,0.0030719720644217688,2.4224789083449147,1,FALSE
37C,4,pH3_8,-0.0011053435842776716,0.0028296733457259292,-0.39062586002982785,0,FALSE
FLC4,4,pH3_8,-0.028708584410359502,0.004758555206973721,-6.033046410449693,-1,FALSE
GlyEtOH,4,pH3_8,-0.020519460802549783,0.004350578760502683,-4.716489904478567,-1,FALSE
pH7_3,4,pH3_8,-0.008666047554769829,0.0046011679333041134,-1.8834451774827337,0,FALSE
02M_NaCl,5,pH3_8,-0.0013494176335654307,0.0085867729176652,-0.15715073014092776,0,FALSE
21C,5,pH3_8,0.017545098662281624,0.00652349836720065,2.689522963705522,1,FALSE
37C,5,pH3_8,0.008940397262990146,0.003428492690674893,2.6076757542190485,1,FALSE
FLC4,5,pH3_8,-0.016532310416074437,0.009212646480729607,-1.7945234792907347,0,FALSE
GlyEtOH,5,pH3_8,0.008540546513915137,0.0057457465131060875,1.4864119909282618,0,FALSE
pH7_3,5,pH3_8,0.006378014958563663,0.00746707700127175,0.8541514916047331,0,FALSE
02M_NaCl,6,pH3_8,0.019550365989552624,0.00615306502899185,3.1773377816479633,1,FALSE
21C,6,pH3_8,-0.02001062342660893,9.557864015340644e-4,-20.936292245308483,-1,FALSE
FLC4,6,pH3_8,0.0026699325563764834,0.00241367050361404,1.1061711001475707,0,FALSE
GlyEtOH,6,pH3_8,0.0020035046409791874,0.0066214886296619,0.3025761657286858,0,FALSE
pH3_8,6,pH3_8,0.023123772848412,0.0059795505891772375,3.8671422715722423,1,TRUE
02M_NaCl,7,pH3_8,0.02888519222959325,0.005816664478865863,4.965937494683431,1,FALSE
21C,7,pH3_8,0.010184654165315473,0.0023894751742185457,4.2622975434956185,1,FALSE
37C,7,pH3_8,-0.0023347733417420874,0.0061916250911920375,-0.37708570970542843,0,FALSE
FLC4,7,pH3_8,-0.03730093894758977,0.0039771252158711445,-9.378869641502957,-1,FALSE
GlyEtOH,7,pH3_8,0.010181876063610876,0.004348980052359463,2.3412101092730646,1,FALSE
pH3_8,7,pH3_8,0.02116847694778375,0.005689688429939913,3.7204984435338058,1,TRUE
21C,8,pH3_8,0.01034477843373023,0.003636636062346688,2.8446009598922686,1,FALSE
pH3_8,8,pH3_8,0.04474106829255075,0.00563603101107555,7.938399949295631,1,TRUE
21C,9,pH3_8,0.02514599387430075,0.0056220602288191875,4.472736479307019,1,FALSE
37C,9,pH3_8,-0.0032675661052037125,0.006357226477799725,-0.5139924016573084,0,FALSE
GlyEtOH,9,pH3_8,0.002375549208442529,0.002492424969057323,0.9531076112357363,0,FALSE
21C,10,pH3_8,0.007707208166898713,0.005216327297141425,1.4775162155032533,0,FALSE
37C,10,pH3_8,0.005555525780431637,0.0051956720653064,1.0692602825201625,0,FALSE
GlyEtOH,10,pH3_8,-0.04933835615537942,0.008111703508883582,-6.0823668051163615,-1,FALSE
GlyEtOH,12,pH3_8,-0.007118527856903925,0.006200259252064913,-1.1481016466421456,0,FALSE
GlyEtOH,13,pH3_8,0.005810407425965063,0.006372818210241487,0.9117484971762417,0,FALSE
GlyEtOH,14,pH3_8,-0.02829492660366425,0.006604685771404625,-4.2840685511745,-1,FALSE
GlyEtOH,15,pH3_8,-0.039139285534554875,0.007635854945040613,-5.125724076250994,-1,FALSE
02M_NaCl,1,pH7_3,0.0018848389799905323,0.003177526863173547,0.5931779843736881,0,FALSE
21C,1,pH7_3,0.0033886371769672676,0.0034105041707713306,0.9935883398145449,0,FALSE
37C,1,pH7_3,-0.021692209936226794,0.004778777827712971,-4.539279857378986,-1,FALSE
CLM,1,pH7_3,-0.04186168917166265,0.029280659067504107,-1.4296703183884636,0,FALSE
FLC4,1,pH7_3,-0.023740707268578874,0.0312539835467432,-0.7596058029874007,0,FALSE
GlyEtOH,1,pH7_3,-0.009057580397983635,0.017483944874457615,-0.5180513015238283,0,FALSE
pH3_8,1,pH7_3,0.004212422831255253,0.006318457095464351,0.6666853580883068,0,FALSE
SC,1,pH7_3,0.010122674792038763,0.005453493266213025,1.8561817715543045,0,FALSE
YPD,1,pH7_3,-0.04113501528215435,0.005292496436566175,-7.772327440402239,-1,FALSE
02M_NaCl,2,pH7_3,3.2559146546653556e-4,4.3248032863773075e-4,0.7528468785900985,0,FALSE
21C,2,pH7_3,-0.006127102388704991,0.008264806044528549,-0.7413485997969963,0,FALSE
37C,2,pH7_3,-0.010557208792821154,0.008803058125740212,-1.1992660552759264,0,FALSE
CLM,2,pH7_3,-0.1751951571503225,0.017553437961970127,-9.980674870067407,-1,FALSE
FLC4,2,pH7_3,-0.05493753021833899,0.004761539803128105,-11.537765615704325,-1,FALSE
GlyEtOH,2,pH7_3,-0.035029878923352804,0.015760374104394088,-2.222655293035605,-1,FALSE
YPD,2,pH7_3,0.020441694672637126,0.00541324429131155,3.7762372382577998,1,FALSE
02M_NaCl,3,pH7_3,0.01565890163068054,0.0043478658626121556,3.601514426959074,1,FALSE
37C,3,pH7_3,-0.0659336932032145,0.0093570198927379,-7.0464414908839155,-1,FALSE
FLC4,3,pH7_3,0,0,NaN,0,FALSE
GlyEtOH,3,pH7_3,-0.026903543934561222,0.010222241208846284,-2.631863539991505,-1,FALSE
pH3_8,3,pH7_3,0.015901483930389124,0.00462448488845415,3.4385416568426916,1,FALSE
pH7_3,3,pH7_3,0.01339771305387335,0.011330696137521279,1.182426295018821,0,TRUE
YPD,3,pH7_3,-0.014211843095751875,0.005390014905439213,-2.6366982921346493,-1,FALSE
21C,4,pH7_3,-0.0010011674500406606,0.007123763847314738,-0.14053911267960476,0,FALSE
37C,4,pH7_3,-0.00906775370782238,0.006749745624060398,-1.343421546954173,0,FALSE
FLC4,4,pH7_3,-0.06352475627387053,0.0035082303524512234,-18.107350399464323,-1,FALSE
GlyEtOH,4,pH7_3,-0.005547201427899485,0.006857338164303462,-0.8089438343256833,0,FALSE
pH7_3,4,pH7_3,0.058515189873064206,0.00886850514501669,6.598089409233137,1,TRUE
02M_NaCl,5,pH7_3,-0.03513165764714826,0.010115037176683807,-3.4732109268100686,-1,FALSE
21C,5,pH7_3,-0.00315055295029235,0.007068030495425425,-0.44574693789613,0,FALSE
37C,5,pH7_3,0.00623547370701703,0.003311289703030282,1.8830951883523575,0,FALSE
FLC4,5,pH7_3,-0.0038799031000266923,0.011861683712813851,-0.32709547767112856,0,FALSE
GlyEtOH,5,pH7_3,-0.04916454039598975,0.00715141113859635,-6.874802670852953,-1,FALSE
pH7_3,5,pH7_3,0.0440027534646385,0.005025295145031562,8.756252557253955,1,TRUE
02M_NaCl,6,pH7_3,0.03630524126761325,0.005140213056770725,7.062983745351126,1,FALSE
21C,6,pH7_3,-0.034159876253587615,0.0034392125261866724,-9.93247029472278,-1,FALSE
FLC4,6,pH7_3,-0.037439460501847086,0.001400926480906132,-26.724786069880626,-1,FALSE
GlyEtOH,6,pH7_3,-0.046764745294374625,0.011318522485392,-4.131700524934284,-1,FALSE
pH3_8,6,pH7_3,0.035930663981841,0.005080755533972662,7.0719135651359855,1,FALSE
02M_NaCl,7,pH7_3,-0.023596616967028,0.008518867408504575,-2.7699241971381046,-1,FALSE
21C,7,pH7_3,7.108679844316032e-4,0.005076419404512092,0.14003334393524694,0,FALSE
37C,7,pH7_3,-0.010958862919850525,0.0058102961296465,-1.8861109098956144,0,FALSE
FLC4,7,pH7_3,-0.05639427189538559,3.8592894909841516e-4,-146.12604736475618,-1,FALSE
GlyEtOH,7,pH7_3,0.02889484233702975,0.008873662251513318,3.2562477045035165,1,FALSE
pH3_8,7,pH7_3,0.011931977915197787,0.0054674888270864,2.1823506718634276,1,FALSE
21C,8,pH7_3,-0.0032368677806177627,0.013233909392843052,-0.24458893321184993,0,FALSE
pH3_8,8,pH7_3,-0.09484305056127475,0.018656953436658,-5.083522927967595,-1,FALSE
21C,9,pH7_3,-0.018568335403749,0.006811797502064238,-2.725908308067302,-1,FALSE
37C,9,pH7_3,0.00639214065948425,0.005237080545452812,1.2205542007625487,0,FALSE
GlyEtOH,9,pH7_3,-0.03755081007575097,0.004918970113867627,-7.633876442934105,-1,FALSE
21C,10,pH7_3,0.022737265174829626,0.003863217369871975,5.885577485789552,1,FALSE
37C,10,pH7_3,0.021384129373316626,0.0038377644123318375,5.57202763791422,1,FALSE
GlyEtOH,10,pH7_3,0.001921589542712434,0.008306628676376104,0.2313320623296186,0,FALSE
GlyEtOH,12,pH7_3,0.010362323130529025,0.0051133159709028,2.026536828448618,1,FALSE
GlyEtOH,13,pH7_3,-0.0018761804090123375,0.006449744002120787,-0.29089222896217537,0,FALSE
GlyEtOH,14,pH7_3,-0.04922437593203838,0.0072168922923678625,-6.820716443848694,-1,FALSE
GlyEtOH,15,pH7_3,-0.020271982394428126,0.006429620335312663,-3.1529050452778145,-1,FALSE
02M_NaCl,1,SC,0.016425755906284475,0.003157898504348128,5.201483164727352,1,FALSE
21C,1,SC,0.017889950187988262,0.0032718872687806082,5.467777071260656,1,FALSE
37C,1,SC,0.0017827774356311164,0.0036770932194728455,0.48483335320139054,0,FALSE
CLM,1,SC,-0.02228253990174483,0.007953000638602017,-2.8017777081005826,-1,FALSE
FLC4,1,SC,-0.05045500486427583,0.0071990730631174326,-7.008541852807252,-1,FALSE
GlyEtOH,1,SC,0.003499312806089846,0.010663617508198725,0.3281543813250427,0,FALSE
pH3_8,1,SC,0.014002664859494569,0.005198182518208804,2.6937616773640385,1,FALSE
SC,1,SC,0.013027192726479874,0.004464908675598738,2.9176840273744116,1,TRUE
YPD,1,SC,-0.011713325580726639,0.004008145056436799,-2.9223806563377397,-1,FALSE
02M_NaCl,2,SC,0.005173325906631879,0.004732118480912207,1.0932367664713714,0,FALSE
21C,2,SC,0.01281253117379625,0.0012616649276545053,10.155256671527955,1,FALSE
37C,2,SC,-0.009410920266596273,0.006918594385715783,-1.3602358719028502,0,FALSE
CLM,2,SC,-0.05310477397694125,0.00592439971665395,-8.963739200050865,-1,FALSE
FLC4,2,SC,-0.027875280785201517,0.0032848995936351415,-8.485885181761104,-1,FALSE
GlyEtOH,2,SC,-0.036253226356476834,0.011499530312653331,-3.1525832247762464,-1,FALSE
YPD,2,SC,0.01254421485360925,0.004685295269611862,2.677358444187966,1,FALSE
02M_NaCl,3,SC,0.02762004950086448,0.004023919672973781,6.863966417215418,1,FALSE
37C,3,SC,-0.003690469325913925,0.005096528885442112,-0.7241142763765156,0,FALSE
FLC4,3,SC,-0.04667414939331549,0.006440293557398128,-7.247208372931962,-1,FALSE
GlyEtOH,3,SC,-0.04100604285459268,0.003332492562632174,-12.30491654037001,-1,FALSE
pH3_8,3,SC,0.0269455623033615,0.003679201069403175,7.323753661479691,1,FALSE
pH7_3,3,SC,-0.012356719461093589,0.005994456968196921,-2.0613576053095564,-1,FALSE
YPD,3,SC,0.010222477644889212,0.0038348204565621,2.6656991535018615,1,FALSE
21C,4,SC,0.02693680420813044,0.0024288831717146405,11.090201670389414,1,FALSE
37C,4,SC,0.00596127531183657,5.161965804352269e-4,11.548459516741412,1,FALSE
FLC4,4,SC,-0.02670078259810442,0.002887807122366521,-9.246040842306487,-1,FALSE
GlyEtOH,4,SC,-0.022926033932409093,0.005295174409993977,-4.329608839538709,-1,FALSE
pH7_3,4,SC,-0.04474292926981511,0.006053878455286267,-7.390787509244661,-1,FALSE
02M_NaCl,5,SC,0.005456154719515217,0.005526091193198053,0.9873443142290305,0,FALSE
21C,5,SC,0.018691466125528876,0.004741397778698838,3.9421847729169643,1,FALSE
37C,5,SC,0.01430870085632271,0.0023076303119878745,6.200603615748437,1,FALSE
FLC4,5,SC,-0.01310365087689052,0.006909346290806837,-1.8965109469654826,0,FALSE
GlyEtOH,5,SC,0.012308848848823788,0.0038439352504138127,3.2021478112823827,1,FALSE
pH7_3,5,SC,0.004900469756596863,0.006243838411659113,0.7848489075960423,0,FALSE
02M_NaCl,6,SC,0.01724674431087225,0.004530903687780588,3.8064689738131188,1,FALSE
21C,6,SC,-0.008987695058868117,9.575611377586356e-4,-9.386027381923231,-1,FALSE
FLC4,6,SC,0.008283747287930321,0.0019395746582986275,4.270909218414273,1,FALSE
GlyEtOH,6,SC,-0.007710804961883913,0.005298702131480238,-1.455225217525076,0,FALSE
pH3_8,6,SC,0.0179880793060605,0.004423604190590062,4.0663853570635755,1,FALSE
02M_NaCl,7,SC,0.024364484391307624,0.00437223113287005,5.572551782118189,1,FALSE
21C,7,SC,0.03184942829422476,0.004617585134908477,6.897420916713869,1,FALSE
37C,7,SC,-0.006810615766596388,0.004672879124311763,-1.4574774106958048,0,FALSE
FLC4,7,SC,-0.02780608233457988,0.0019488466516215748,-14.267968344991795,-1,FALSE
GlyEtOH,7,SC,0.012978971652726332,0.0018692649337224351,6.943355871379954,1,FALSE
pH3_8,7,SC,0.025697595587191,0.00385359475996305,6.6684737726385634,1,FALSE
21C,8,SC,0.026806576127923958,9.189605628402895e-4,29.170540295082066,1,FALSE
pH3_8,8,SC,0.03311185542857462,0.004009525292933512,8.258298179819887,1,FALSE
21C,9,SC,0.026698023548426,0.003869826605263975,6.899023204840681,1,FALSE
37C,9,SC,0.002422334225172175,0.00459412713540335,0.5272675643878327,0,FALSE
GlyEtOH,9,SC,0.013225448756224322,0.0029317124858514523,4.511168410971677,1,FALSE
21C,10,SC,0.008441347817861513,0.0031544473847318127,2.6760147779669454,1,FALSE
37C,10,SC,0.008858250544163275,0.0031292779550229875,2.830765010805249,1,FALSE
GlyEtOH,10,SC,-0.0497373977004108,0.013285478022279149,-3.7437416716962253,-1,FALSE
GlyEtOH,12,SC,4.1659903266663e-4,0.004470769375910738,0.09318285011777529,0,FALSE
GlyEtOH,13,SC,0.013560437000291624,0.0047880438304162875,2.832145544313582,1,FALSE
GlyEtOH,14,SC,-0.025533809456882876,0.0044794558217469875,-5.7002034338458305,-1,FALSE
GlyEtOH,15,SC,-0.02958392224822375,0.004957271870650388,-5.967782889491267,-1,FALSE
02M_NaCl,1,YPD,-0.0016217624943800633,0.002736922980410651,-0.5925495550980877,0,FALSE
21C,1,YPD,-0.0010964751516649993,0.0028306081727953163,-0.3873638047834063,0,FALSE
37C,1,YPD,-0.019084462491321848,0.0031434106778567028,-6.07125967528187,-1,FALSE
CLM,1,YPD,-0.01065919642467668,0.00798518935622235,-1.3348708401474094,0,FALSE
FLC4,1,YPD,-0.0412789913010302,0.007193148598753351,-5.738654044792609,-1,FALSE
GlyEtOH,1,YPD,-0.004145237361848943,0.012637166057088372,-0.32801953722241534,0,FALSE
pH3_8,1,YPD,-0.0014222685214252016,0.0020551192083489377,-0.6920613245437173,0,FALSE
SC,1,YPD,0.0023888696257127625,0.005933465884399713,0.40260948192077517,0,FALSE
YPD,1,YPD,0.004227026595276205,0.0022519703984920443,1.877034706187386,0,TRUE
02M_NaCl,2,YPD,-0.0027202461244521838,0.006166616010606494,-0.4411246167709159,0,FALSE
21C,2,YPD,0.0046048812669520585,0.005313605781619954,0.8666207950316126,0,FALSE
37C,2,YPD,-0.02299100205937766,0.003444904555787841,-6.673915543102667,-1,FALSE
CLM,2,YPD,-0.0384865406579835,0.007259775877931862,-5.30134005582379,-1,FALSE
FLC4,2,YPD,-0.026650692510459855,0.004152670479403039,-6.417723882173042,-1,FALSE
GlyEtOH,2,YPD,-0.03158677316334006,0.016529815525509344,-1.9108968950436462,0,FALSE
YPD,2,YPD,0.0092359320898719,0.006357067325729425,1.4528605120305451,0,TRUE
02M_NaCl,3,YPD,0.003709893532976116,0.0013080574834789483,2.8361853969209165,1,FALSE
37C,3,YPD,-0.024922743478499126,0.00697722043241835,-3.572016065695769,-1,FALSE
FLC4,3,YPD,-0.03991381245206271,0.00422656423831796,-9.443559875466875,-1,FALSE
GlyEtOH,3,YPD,-0.07099171309978114,0.010783396938616562,-6.5834276067082165,-1,FALSE
pH3_8,3,YPD,0.003219999369592475,0.005394458016390675,0.5969087830155944,0,FALSE
pH7_3,3,YPD,-0.0022322002503396515,0.0052788563455463304,-0.42285679022557904,0,FALSE
YPD,3,YPD,0.005022221728310825,0.004785168609100675,1.0495391361464905,0,TRUE
21C,4,YPD,-0.004638119442050875,0.0011510353238221348,-4.029519638588942,-1,FALSE
37C,4,YPD,-0.009774376947139887,0.006051828948269559,-1.6151112383859993,0,FALSE
FLC4,4,YPD,-0.020318466143736617,0.004249506440663267,-4.781370831518328,-1,FALSE
GlyEtOH,4,YPD,-0.02041192204138119,0.017890062988314068,-1.1409642355487748,0,FALSE
pH7_3,4,YPD,0.008759645394925141,0.004551268646834021,1.9246601496526852,0,FALSE
02M_NaCl,5,YPD,-0.0035711123456964263,0.011192354859816756,-0.31906711236592206,0,FALSE
21C,5,YPD,0.016776113680320875,0.005748440454149675,2.91837652562106,1,FALSE
37C,5,YPD,0.002803091753807462,0.00407275118479411,0.688255095050489,0,FALSE
FLC4,5,YPD,-0.023599737309758274,0.022373186184773547,-1.0548223715144998,0,FALSE
GlyEtOH,5,YPD,0.007316803574425462,0.005115439214338125,1.4303373117829468,0,FALSE
pH7_3,5,YPD,0.004300203521354163,0.007796522309425438,0.5515540584236543,0,FALSE
02M_NaCl,6,YPD,0.001957508171471325,0.0065389738707164,0.2993601458231341,0,FALSE
21C,6,YPD,0.006789347032805971,6.035249996192864e-4,11.24948765517386,1,FALSE
FLC4,6,YPD,-0.011169256273940161,0.0026486841684404323,-4.2169075524458295,-1,FALSE
GlyEtOH,6,YPD,-0.030139417658052,0.008045635127562713,-3.7460582266278113,-1,FALSE
pH3_8,6,YPD,0.0020600775222374625,0.006595766839948725,0.3123332847001422,0,FALSE
02M_NaCl,7,YPD,-0.00116545545364965,0.006498626414244775,-0.17933873704372513,0,FALSE
21C,7,YPD,-0.004904555576768905,0.003972135637071684,-1.2347402065012598,0,FALSE
37C,7,YPD,-0.00103077860659618,0.005922421021789113,-0.17404683030872914,0,FALSE
FLC4,7,YPD,-0.027268516659103535,0.0012964971927959135,-21.032453298490076,-1,FALSE
GlyEtOH,7,YPD,0.01099536297676382,0.004473371443352695,2.457958860783319,1,FALSE
pH3_8,7,YPD,-0.009300097666205775,0.005820004502053737,-1.5979536893698274,0,FALSE
21C,8,YPD,-0.012414854260515813,6.077887087706347e-4,-20.426266696574796,-1,FALSE
pH3_8,8,YPD,-0.01572075715765875,0.007873717731032938,-1.996611727100404,-1,FALSE
21C,9,YPD,-5.893457212141388e-4,0.0058795202503929625,-0.10023704249930075,0,FALSE
37C,9,YPD,0.00416222296779845,0.005901959871466663,0.7052272564442428,0,FALSE
GlyEtOH,9,YPD,0.007297055089060568,9.722011706783928e-4,7.50570489847153,1,FALSE
21C,10,YPD,0.030302156694886874,0.004383492705251225,6.912788210776824,1,FALSE
37C,10,YPD,0.031389138811182625,0.004364333340755725,7.192195545207211,1,FALSE
GlyEtOH,10,YPD,-0.10027634136825088,0.018094894109692915,-5.541692632206989,-1,FALSE
GlyEtOH,12,YPD,-0.013956944958389126,0.006020717764185437,-2.318153001858476,-1,FALSE
GlyEtOH,13,YPD,0.00455925085679525,0.006449624819417288,0.7069017166811217,0,FALSE
GlyEtOH,14,YPD,-0.036164392956121,0.005768485626911688,-6.26930450990524,-1,FALSE
GlyEtOH,15,YPD,-0.043120895241011876,0.0067890257945373,-6.351558610324995,-1,FALSE
