Full.BC,Diverse.BC,Environment.BC,Total.Counts,dBFA2-02M_NaCl-R1-Time8,dBFA2-02M_NaCl-R1-Time16,dBFA2-02M_NaCl-R1-Time24,dBFA2-02M_NaCl-R1-Time32,dBFA2-02M_NaCl-R1-Time40,dBFA2-02M_NaCl-R2-Time8,dBFA2-02M_NaCl-R2-Time16,dBFA2-02M_NaCl-R2-Time24,dBFA2-02M_NaCl-R2-Time32,dBFA2-02M_NaCl-R2-Time40,dBFA2-02M_NaCl-R3-Time8,dBFA2-02M_NaCl-R3-Time16,dBFA2-02M_NaCl-R3-Time24,dBFA2-02M_NaCl-R3-Time32,dBFA2-02M_NaCl-R3-Time40,dBFA2-21C-R1-Time8,dBFA2-21C-R1-Time16,dBFA2-21C-R1-Time24,dBFA2-21C-R1-Time32,dBFA2-21C-R1-Time40,dBFA2-21C-R2-Time8,dBFA2-21C-R2-Time16,dBFA2-21C-R2-Time24,dBFA2-21C-R2-Time32,dBFA2-21C-R2-Time40,dBFA2-21C-R3-Time8,dBFA2-21C-R3-Time16,dBFA2-21C-R3-Time24,dBFA2-21C-R3-Time32,dBFA2-21C-R3-Time40,dBFA2-37C-R1-Time8,dBFA2-37C-R1-Time16,dBFA2-37C-R1-Time24,dBFA2-37C-R1-Time32,dBFA2-37C-R1-Time40,dBFA2-37C-R2-Time8,dBFA2-37C-R2-Time16,dBFA2-37C-R2-Time24,dBFA2-37C-R2-Time32,dBFA2-37C-R2-Time40,dBFA2-37C-R3-Time8,dBFA2-37C-R3-Time16,dBFA2-37C-R3-Time24,dBFA2-37C-R3-Time32,dBFA2-37C-R3-Time40,dBFA2-37C_Stan-R1-Time8,dBFA2-37C_Stan-R1-Time16,dBFA2-37C_Stan-R1-Time24,dBFA2-37C_Stan-R1-Time32,dBFA2-37C_Stan-R1-Time40,dBFA2-37C_Stan-R2-Time8,dBFA2-37C_Stan-R2-Time16,dBFA2-37C_Stan-R2-Time24,dBFA2-37C_Stan-R2-Time32,dBFA2-37C_Stan-R2-Time40,dBFA2-37C_Stan-R3-Time8,dBFA2-37C_Stan-R3-Time16,dBFA2-37C_Stan-R3-Time24,dBFA2-37C_Stan-R3-Time32,dBFA2-37C_Stan-R3-Time40,dBFA2-48Hr-R1-Time8,dBFA2-48Hr-R3-Time32,dBFA2-CLM-R1-Time8,dBFA2-CLM-R1-Time16,dBFA2-CLM-R1-Time24,dBFA2-CLM-R1-Time32,dBFA2-CLM-R1-Time40,dBFA2-CLM-R2-Time8,dBFA2-CLM-R2-Time16,dBFA2-CLM-R2-Time24,dBFA2-CLM-R2-Time32,dBFA2-CLM-R2-Time40,dBFA2-CLM-R3-Time8,dBFA2-CLM-R3-Time16,dBFA2-CLM-R3-Time24,dBFA2-CLM-R3-Time32,dBFA2-CLM-R3-Time40,dBFA2-FLC4-R1-Time8,dBFA2-FLC4-R1-Time16,dBFA2-FLC4-R1-Time24,dBFA2-FLC4-R1-Time32,dBFA2-FLC4-R1-Time40,dBFA2-FLC4-R2-Time8,dBFA2-FLC4-R2-Time16,dBFA2-FLC4-R2-Time24,dBFA2-FLC4-R2-Time32,dBFA2-FLC4-R2-Time40,dBFA2-FLC4-R3-Time8,dBFA2-FLC4-R3-Time16,dBFA2-FLC4-R3-Time24,dBFA2-FLC4-R3-Time32,dBFA2-FLC4-R3-Time40,dBFA2-GlyEtOH-R1-Time8,dBFA2-GlyEtOH-R1-Time16,dBFA2-GlyEtOH-R1-Time24,dBFA2-GlyEtOH-R1-Time32,dBFA2-GlyEtOH-R1-Time40,dBFA2-GlyEtOH-R2-Time8,dBFA2-GlyEtOH-R2-Time16,dBFA2-GlyEtOH-R2-Time24,dBFA2-GlyEtOH-R2-Time32,dBFA2-GlyEtOH-R2-Time40,dBFA2-GlyEtOH-R3-Time8,dBFA2-GlyEtOH-R3-Time16,dBFA2-GlyEtOH-R3-Time24,dBFA2-GlyEtOH-R3-Time32,dBFA2-GlyEtOH-R3-Time40,dBFA2-Pre-R0-Time0,dBFA2-Pre-R14-Time0,dBFA2-SC-R1-Time8,dBFA2-SC-R1-Time16,dBFA2-SC-R1-Time24,dBFA2-SC-R1-Time32,dBFA2-SC-R1-Time40,dBFA2-SC-R2-Time8,dBFA2-SC-R2-Time16,dBFA2-SC-R2-Time24,dBFA2-SC-R2-Time32,dBFA2-SC-R2-Time40,dBFA2-SC-R3-Time8,dBFA2-SC-R3-Time16,dBFA2-SC-R3-Time24,dBFA2-SC-R3-Time32,dBFA2-SC-R3-Time40,dBFA2-T0_Pool-NA-Time0,dBFA2-YPD-R1-Time8,dBFA2-YPD-R1-Time16,dBFA2-YPD-R1-Time24,dBFA2-YPD-R1-Time32,dBFA2-YPD-R1-Time40,dBFA2-YPD-R2-Time8,dBFA2-YPD-R2-Time16,dBFA2-YPD-R2-Time24,dBFA2-YPD-R2-Time32,dBFA2-YPD-R2-Time40,dBFA2-YPD-R3-Time8,dBFA2-YPD-R3-Time16,dBFA2-YPD-R3-Time24,dBFA2-YPD-R3-Time32,dBFA2-YPD-R3-Time40,dBFA2-pH3_8-R1-Time8,dBFA2-pH3_8-R1-Time16,dBFA2-pH3_8-R1-Time24,dBFA2-pH3_8-R1-Time32,dBFA2-pH3_8-R1-Time40,dBFA2-pH3_8-R2-Time8,dBFA2-pH3_8-R2-Time16,dBFA2-pH3_8-R2-Time24,dBFA2-pH3_8-R2-Time32,dBFA2-pH3_8-R2-Time40,dBFA2-pH3_8-R3-Time8,dBFA2-pH3_8-R3-Time16,dBFA2-pH3_8-R3-Time24,dBFA2-pH3_8-R3-Time32,dBFA2-pH3_8-R3-Time40,dBFA2-pH7_3-R1-Time8,dBFA2-pH7_3-R1-Time16,dBFA2-pH7_3-R1-Time24,dBFA2-pH7_3-R1-Time32,dBFA2-pH7_3-R1-Time40,dBFA2-pH7_3-R2-Time8,dBFA2-pH7_3-R2-Time16,dBFA2-pH7_3-R2-Time24,dBFA2-pH7_3-R2-Time32,dBFA2-pH7_3-R2-Time40,dBFA2-pH7_3-R3-Time8,dBFA2-pH7_3-R3-Time16,dBFA2-pH7_3-R3-Time24,dBFA2-pH7_3-R3-Time32,dBFA2-pH7_3-R3-Time40
GTCATAATAACTAACGGTATTTGGGTATATAAACTTTGTTTGTTCTTTAGGT,GTCATAATAACTAACGGTATTTGGGT,ATATAAACTTTGTTTGTTCTTTAGGT,29120,190,294,245,253,289,317,1060,145,49,109,93,43,13,9,22,453,364,374,377,307,453,400,226,316,345,548,349,393,357,324,227,432,170,180,104,328,181,133,72,77,282,212,159,169,88,37,12,10,19,3,103,52,97,16,12,79,155,107,148,0,6,42,44,0,0,0,3,91,1,0,0,0,83,0,0,0,0,80,0,1,1,1,41,3,0,0,0,26,3,1,2,1,192,119,103,103,65,87,124,114,22,19,287,236,103,115,7,78,21,178,172,200,172,165,226,285,204,178,153,181,241,188,140,191,4,333,201,289,337,357,275,287,221,266,207,326,203,164,277,259,198,179,230,84,84,203,303,365,128,140,225,203,202,197,178,261,295,307,291,282,312,426,438,197,341,334,253,377,289,312
ACATCAAAATTTAATTTGATTTTTTGCACATAACATGCTTTTTAATTTGTCG,ACATCAAAATTTAATTTGATTTTTTG,CACATAACATGCTTTTTAATTTGTCG,4300,24,112,52,236,477,77,518,81,14,26,4,5,6,3,32,39,45,208,197,61,135,13,2,91,170,152,120,295,103,154,0,2,0,1,0,0,0,0,1,0,0,0,0,1,2,2,0,0,0,0,1,2,0,1,0,1,12,3,2,0,0,0,2,0,0,0,0,2,0,0,0,0,15,0,0,0,0,12,1,3,1,3,11,1,0,1,1,9,2,0,0,0,19,32,25,78,103,28,21,14,6,8,258,56,35,8,1,1,0,0,0,2,0,1,0,0,0,2,2,1,1,0,0,4,0,5,0,2,2,1,1,0,0,1,0,2,1,0,5,2,0,0,1,0,0,0,7,0,1,4,0,1,0,0,0,2,0,0,2,0,1,0,0,0,0,1,1,1,0,3
ACATCAAAATTTAATTTGATTTTTTGAAACAAACTTTCTTTTTTCTTTATGC,ACATCAAAATTTAATTTGATTTTTTG,AAACAAACTTTCTTTTTTCTTTATGC,2567,21,102,25,169,209,58,281,42,1,9,5,2,7,2,20,57,37,152,115,14,142,4,0,40,60,132,99,160,44,78,0,9,1,0,0,0,0,0,0,1,0,0,0,0,0,0,1,0,1,0,2,0,2,1,0,3,8,1,4,0,0,0,3,0,0,0,0,6,0,0,0,0,16,0,0,0,0,19,2,2,0,0,6,0,0,0,0,3,0,0,0,0,19,22,12,35,34,24,15,5,2,0,137,35,18,4,1,1,0,0,0,0,0,0,0,0,0,0,0,0,1,0,0,0,0,1,0,1,1,0,0,0,0,0,0,1,0,0,0,0,0,0,0,0,0,0,1,2,2,8,0,0,1,1,1,0,0,1,0,0,0,0,1,0,0,1,0,0,0,1
ACATCAAAATTTAATTTGATTTTTTGCACTTAACTTGGTTAACGTTTGCCAG,ACATCAAAATTTAATTTGATTTTTTG,CACTTAACTTGGTTAACGTTTGCCAG,2221,3,41,20,78,151,27,171,26,2,8,4,0,3,2,12,24,27,110,110,38,64,10,3,68,91,63,52,121,52,72,1,7,1,0,0,0,1,0,0,0,0,2,0,0,1,0,0,0,1,0,2,0,1,1,2,3,3,4,0,0,0,0,2,0,0,0,0,2,0,0,0,0,5,0,0,0,0,7,0,0,1,1,6,3,0,0,1,7,0,0,1,0,8,25,24,103,202,14,15,8,12,14,126,54,44,17,1,1,0,0,0,0,0,0,1,0,0,1,1,0,0,0,0,0,0,1,0,1,0,4,0,0,0,3,2,1,0,1,3,0,0,0,0,0,0,1,1,0,0,3,0,1,0,0,5,0,0,0,0,0,0,0,1,0,1,0,0,0,0,2
ACATCAAAATTTAATTTGATTTTTTGTATAGAAAACGATTTGAGGTTTGTCC,ACATCAAAATTTAATTTGATTTTTTG,TATAGAAAACGATTTGAGGTTTGTCC,1897,10,60,13,67,113,46,219,24,1,7,3,1,4,0,11,33,27,115,88,27,87,12,2,33,82,94,84,131,39,61,1,4,1,0,0,2,1,0,0,0,0,2,0,1,0,1,0,0,0,0,0,0,0,1,0,0,2,1,0,0,0,0,1,0,0,0,0,8,0,0,0,0,8,0,0,0,0,8,0,0,0,0,7,0,0,0,0,4,0,0,1,0,4,24,10,14,26,15,17,6,2,0,109,28,26,7,1,2,0,0,0,1,0,0,0,2,0,0,0,2,3,1,2,1,0,1,0,2,1,1,2,3,0,1,0,3,1,0,1,3,0,0,0,0,0,1,1,0,0,5,0,1,0,0,2,0,1,0,0,1,1,0,1,0,4,2,3,4,0,0
ACATCAAAATTTAATTTGATTTTTTGCGTAAAATGGGGTTGCCAATTTTGGC,ACATCAAAATTTAATTTGATTTTTTG,CGTAAAATGGGGTTGCCAATTTTGGC,1328,6,40,15,45,69,26,154,19,2,8,3,1,0,0,4,34,27,87,62,14,60,4,0,32,42,65,49,107,40,33,1,5,0,0,0,1,0,0,0,2,1,0,0,0,0,1,1,0,0,0,0,0,1,0,0,0,6,0,3,0,0,0,2,0,0,0,0,3,0,0,0,0,4,0,0,0,0,9,0,0,1,0,4,0,0,0,0,7,0,0,1,0,6,11,5,20,15,7,7,2,1,3,73,19,16,5,0,0,0,0,0,1,0,1,0,0,1,1,0,1,0,0,0,1,0,0,0,1,1,2,0,1,0,0,1,3,1,1,0,1,0,0,1,0,0,0,1,0,0,2,0,0,0,0,2,0,0,0,1,0,0,3,4,0,1,1,0,1,0,2
