bfa_env,s,s_se,cluster,n_bcs,source
SC,0.012810256547524629,0.00357507296588035,1,58,02M_NaCl_2N
YPD,-0.006188402656129607,0.004962379850179687,1,58,02M_NaCl_2N
pH3_8,0.01160931015167111,0.0054415569483767,1,58,02M_NaCl_2N
X21C,0.023151185489949374,0.004341401015413025,1,58,02M_NaCl_2N
X37C,0.005558114062115415,0.005070052841118273,1,58,02M_NaCl_2N
pH7_3,-0.0011698590873349853,0.004883024305881649,1,58,02M_NaCl_2N
GlyEtOH,0.04277003509721601,0.0047489099510921885,1,58,02M_NaCl_2N
X02M_NaCl,0.017491481621736374,0.004763130586523399,1,58,02M_NaCl_2N
SC,0.007786220644555023,0.0035437706017117,2,4,02M_NaCl_2N
YPD,-0.0040823703057125404,0.004878395351752637,2,4,02M_NaCl_2N
pH3_8,0.008489068096699111,0.005459860701239324,2,4,02M_NaCl_2N
X21C,0.01773429736461775,0.0034132991771080247,2,4,02M_NaCl_2N
X37C,8.750157490053541e-4,0.004926476327392051,2,4,02M_NaCl_2N
pH7_3,8.354502460992883e-4,0.0044327353636474,2,4,02M_NaCl_2N
GlyEtOH,0.014540442121024247,0.0048696128956181375,2,4,02M_NaCl_2N
X02M_NaCl,0.053037183458892606,0.004294104327894274,2,4,02M_NaCl_2N
SC,0.03214525913577938,0.0032042531985935377,3,3,02M_NaCl_2N
YPD,0.004070784986973466,0.0045469797818215125,3,3,02M_NaCl_2N
pH3_8,0.036892666635903744,0.005229227660340135,3,3,02M_NaCl_2N
X21C,0.010947838755257816,0.003194179355093438,3,3,02M_NaCl_2N
X37C,0.036294086327095014,0.004637951698588852,3,3,02M_NaCl_2N
pH7_3,0.02026820715587764,0.003947746053759875,3,3,02M_NaCl_2N
GlyEtOH,0.034248849147307,0.004702949678046887,3,3,02M_NaCl_2N
X02M_NaCl,0.031081046910113756,0.004274085308871213,3,3,02M_NaCl_2N
SC,-0.01919412704111,0.007021033572716125,4,3,02M_NaCl_2N
YPD,-0.037283111684206754,0.00996555022578135,4,3,02M_NaCl_2N
pH3_8,-0.025919380561509,0.009220204192190563,4,3,02M_NaCl_2N
X21C,-0.011677022738147143,0.0065829253312871625,4,3,02M_NaCl_2N
X37C,-0.05152108262195222,0.010009421642725062,4,3,02M_NaCl_2N
pH7_3,-0.019757868566826,0.00870377031489535,4,3,02M_NaCl_2N
GlyEtOH,-0.11699472041741385,0.027243742868891623,4,3,02M_NaCl_2N
X02M_NaCl,-0.04196935991051237,0.009521998118316813,4,3,02M_NaCl_2N
SC,3.5409268425493903e-4,0.004496801194452662,5,3,02M_NaCl_2N
YPD,0.0023514574862703386,0.005356138028721524,5,3,02M_NaCl_2N
pH3_8,-0.009993481362363665,0.006132541436929976,5,3,02M_NaCl_2N
X21C,0.010514163734659824,0.004141103461441625,5,3,02M_NaCl_2N
X37C,-0.004532568719397613,0.00577886916235305,5,3,02M_NaCl_2N
pH7_3,-0.04482705283765288,0.007881096801593112,5,3,02M_NaCl_2N
GlyEtOH,-0.003528946942599213,0.00542018934338845,5,3,02M_NaCl_2N
X02M_NaCl,0.020712362616153127,0.00479222639241335,5,3,02M_NaCl_2N
SC,0.017246744310872246,0.004530903687780588,6,2,02M_NaCl_2N
YPD,0.001957508171471324,0.006538973870716401,6,2,02M_NaCl_2N
pH3_8,0.019550365989552614,0.00615306502899185,6,2,02M_NaCl_2N
X21C,-0.002236758537745299,0.005627902254461275,6,2,02M_NaCl_2N
X37C,0.005209921946963536,0.0058315714707837,6,2,02M_NaCl_2N
pH7_3,0.036305241267613246,0.005140213056770724,6,2,02M_NaCl_2N
GlyEtOH,0.019563682976486623,0.007622307273939387,6,2,02M_NaCl_2N
X02M_NaCl,0.0194161562554645,0.0059239423195886,6,2,02M_NaCl_2N
SC,0.024364484391307624,0.00437223113287005,7,1,02M_NaCl_2N
YPD,-0.00116545545364965,0.006498626414244775,7,1,02M_NaCl_2N
pH3_8,0.02888519222959325,0.005816664478865863,7,1,02M_NaCl_2N
X21C,0.010319758276807362,0.004617070485582225,7,1,02M_NaCl_2N
X37C,-0.001823297197366375,0.00628701947178685,7,1,02M_NaCl_2N
pH7_3,-0.023596616967028,0.008518867408504575,7,1,02M_NaCl_2N
GlyEtOH,0.02078627203321425,0.006061310049732538,7,1,02M_NaCl_2N
X02M_NaCl,0.01677736428273,0.005433780098667162,7,1,02M_NaCl_2N
SC,0.017343105036848244,0.0036893293734534746,1,127,21C_2N
YPD,-5.591332786747064e-4,0.005016669327005375,1,127,21C_2N
pH3_8,0.008075871434465752,0.005580713640616662,1,127,21C_2N
X21C,0.029309442227860246,0.0035474748539025755,1,127,21C_2N
X37C,0.004595877143475876,0.0050147894110047,1,127,21C_2N
pH7_3,0.007480340583463835,0.004689160991117825,1,127,21C_2N
GlyEtOH,0.022698776332965256,0.005003696691325788,1,127,21C_2N
X02M_NaCl,0.0385587397033005,0.00450240287747385,1,127,21C_2N
SC,0.014351253232246624,0.003992204683370188,2,5,21C_2N
YPD,0.0073451355993973,0.005448805160318386,2,5,21C_2N
pH3_8,0.00852882877844345,0.005868157621583224,2,5,21C_2N
X21C,0.008301696590266739,0.00444447157821105,2,5,21C_2N
X37C,0.008175056617150423,0.00527123864304415,2,5,21C_2N
pH7_3,-0.001666504246777157,0.0052969806236275,2,5,21C_2N
GlyEtOH,0.041236084578335386,0.005318630399641376,2,5,21C_2N
X02M_NaCl,0.006339112197997212,0.00534912006458805,2,5,21C_2N
SC,-0.03774510114156913,0.006965781965025475,3,2,21C_2N
YPD,-0.06704991962109462,0.009337654103256989,3,2,21C_2N
pH3_8,-0.04146531930232676,0.008815643997310675,3,2,21C_2N
X21C,-0.0017401618758066603,0.0057871838171506,3,2,21C_2N
X37C,-0.1060197133870735,0.011511197693769713,3,2,21C_2N
pH7_3,-0.03490880447533212,0.008979524181738063,3,2,21C_2N
GlyEtOH,-0.08301053572373451,0.015422760965851502,3,2,21C_2N
X02M_NaCl,-0.02094543320026287,0.007810703594970113,3,2,21C_2N
SC,0.028183562292660884,0.0033397232043292876,4,3,21C_2N
YPD,-0.005706003097665481,0.0047784553401576,4,3,21C_2N
pH3_8,0.010711916207547875,0.00536746625144615,4,3,21C_2N
X21C,0.035216201223239485,0.0032362339518018624,4,3,21C_2N
X37C,-0.04266707578378125,0.005086709072399887,4,3,21C_2N
pH7_3,-0.007048819684652711,0.004565989160607899,4,3,21C_2N
GlyEtOH,0.033999776080718636,0.004601693164645863,4,3,21C_2N
X02M_NaCl,0.05445230022820052,0.0042665869907983,4,3,21C_2N
SC,0.018691466125528876,0.004741397778698838,5,1,21C_2N
YPD,0.016776113680320875,0.005748440454149675,5,1,21C_2N
pH3_8,0.017545098662281624,0.00652349836720065,5,1,21C_2N
X21C,0.0287173989028675,0.004475867810736525,5,1,21C_2N
X37C,0.035347175944364,0.005455578944231175,5,1,21C_2N
pH7_3,-0.00315055295029235,0.007068030495425425,5,1,21C_2N
GlyEtOH,0.05269439392587325,0.005301059719067288,5,1,21C_2N
X02M_NaCl,0.03025249887965175,0.005248272305715962,5,1,21C_2N
SC,-0.008405456143033011,0.004790489915987025,6,3,21C_2N
YPD,0.007194589679903765,0.005202355904509951,6,3,21C_2N
pH3_8,-0.020639378533005244,0.006339942883214375,6,3,21C_2N
X21C,0.00870785397691265,0.004368649590805087,6,3,21C_2N
X37C,-0.008514432043613313,0.005701231251977561,6,3,21C_2N
pH7_3,-0.03624763816482913,0.00736477328701085,6,3,21C_2N
GlyEtOH,-0.008515938720127986,0.005927975441974536,6,3,21C_2N
X02M_NaCl,0.018569171272525,0.00495433880502595,6,3,21C_2N
SC,0.03627049996207325,0.0031267358437311876,7,3,21C_2N
YPD,-0.008695192598039334,0.0043905466227418125,7,3,21C_2N
pH3_8,0.010264170174086047,0.005193532557859725,7,3,21C_2N
X21C,0.04670565819922888,0.0028839626804736994,7,3,21C_2N
X37C,0.02000139372043238,0.0045936682962051615,7,3,21C_2N
pH7_3,-0.003785379845750076,0.003862729328164975,7,3,21C_2N
GlyEtOH,0.013264231414894249,0.004465205611021513,7,3,21C_2N
X02M_NaCl,0.04878627890064462,0.0040757411402589875,7,3,21C_2N
SC,0.02606938018026637,0.004513735106467875,8,3,21C_2N
YPD,-0.01197225405907034,0.005968566203498013,8,3,21C_2N
pH3_8,0.00761127208899872,0.0063799340322077125,8,3,21C_2N
X21C,0.029029062007494135,0.0045747787376555875,8,3,21C_2N
X37C,-0.09827360160733964,0.009411660616080888,8,3,21C_2N
pH7_3,0.005772583457421834,0.006463315632866714,8,3,21C_2N
GlyEtOH,0.036019194508184374,0.0055436350171599,8,3,21C_2N
X02M_NaCl,0.038200934370394624,0.00525121200455675,8,3,21C_2N
SC,0.026698023548426,0.003869826605263975,9,1,21C_2N
YPD,-5.893457212141388e-4,0.0058795202503929625,9,1,21C_2N
pH3_8,0.02514599387430075,0.0056220602288191875,9,1,21C_2N
X21C,0.00731736851782195,0.004705724517463737,9,1,21C_2N
X37C,0.0043341417064104,0.005324805378511512,9,1,21C_2N
pH7_3,-0.018568335403749,0.006811797502064238,9,1,21C_2N
GlyEtOH,0.030418619408117624,0.006084603952082725,9,1,21C_2N
X02M_NaCl,0.01535470565546425,0.005392357547863475,9,1,21C_2N
SC,0.008441347817861513,0.0031544473847318127,10,1,21C_2N
YPD,0.030302156694886874,0.004383492705251225,10,1,21C_2N
pH3_8,0.007707208166898713,0.005216327297141425,10,1,21C_2N
X21C,0.037116376068075,0.0029052201415102875,10,1,21C_2N
X37C,0.06140048921961225,0.0045945976594357,10,1,21C_2N
pH7_3,0.022737265174829626,0.003863217369871975,10,1,21C_2N
GlyEtOH,0.08997179516665188,0.0044405600709096875,10,1,21C_2N
X02M_NaCl,0.019879466270892,0.00411395839842805,10,1,21C_2N
SC,0.0010677211257045947,0.004521352761860612,1,9,37C_2N
YPD,-0.017362834356026254,0.006381929696854026,1,9,37C_2N
pH3_8,-0.002005302484234499,0.006120635829463187,1,9,37C_2N
X21C,3.3072989050346186e-4,0.004738826737278501,1,9,37C_2N
X37C,0.010936839152292115,0.005308839283903975,1,9,37C_2N
pH7_3,-0.017135213948615006,0.00677728707334395,1,9,37C_2N
GlyEtOH,-0.016580941353092626,0.008627221652403087,1,9,37C_2N
X02M_NaCl,0.027742981306210373,0.0049646019231764866,1,9,37C_2N
SC,-0.015889410496636624,0.006495080571152513,2,18,37C_2N
YPD,-0.049812904375440885,0.01033798556244809,2,18,37C_2N
pH3_8,-0.016197651228065258,0.008210072478646226,2,18,37C_2N
X21C,-0.026134188848201498,0.010018460120871564,2,18,37C_2N
X37C,0.012796735139165875,0.006116158743335088,2,18,37C_2N
pH7_3,-0.02973543069955838,0.012587785126754748,2,18,37C_2N
GlyEtOH,0.0017035419540868246,0.011559090531780811,2,18,37C_2N
X02M_NaCl,0.005939369844840912,0.007003903893347411,2,18,37C_2N
SC,-0.003690469325913925,0.005096528885442112,3,1,37C_2N
YPD,-0.024922743478499126,0.00697722043241835,3,1,37C_2N
pH3_8,-0.0032392070545452377,0.006535750657323825,3,1,37C_2N
X21C,0.008647211291330975,0.005218739058366662,3,1,37C_2N
X37C,0.011766377704475726,0.005644986163128113,3,1,37C_2N
pH7_3,-0.0659336932032145,0.0093570198927379,3,1,37C_2N
GlyEtOH,0.009678075267146537,0.007954054813976213,3,1,37C_2N
X02M_NaCl,0.005898349240396625,0.005961826438225812,3,1,37C_2N
SC,0.0057440516632935,0.0032458533670554376,4,2,37C_2N
YPD,-0.012539833968598627,0.004555484020622938,4,2,37C_2N
pH3_8,-0.0026937205512943593,0.005265201383565675,4,2,37C_2N
X21C,0.01628330462477775,0.003045979884806888,4,2,37C_2N
X37C,0.030770322528684002,0.004625545457304075,4,2,37C_2N
pH7_3,-0.011939568882505313,0.004173962970995137,4,2,37C_2N
GlyEtOH,0.018623732825797875,0.004552985878274726,4,2,37C_2N
X02M_NaCl,0.025982884911221873,0.004153456295174912,4,2,37C_2N
SC,0.01633767711547613,0.0040247650839446,5,12,37C_2N
YPD,-0.002341447501811946,0.005428442589775388,5,12,37C_2N
pH3_8,0.0031450720687520375,0.0058454283133809355,5,12,37C_2N
X21C,0.029517950269440384,0.0038281484852356997,5,12,37C_2N
X37C,0.005899367781787539,0.005233272518525224,5,12,37C_2N
pH7_3,0.008229915743538922,0.005001319393138088,5,12,37C_2N
GlyEtOH,0.028256546975657996,0.005622435036120225,5,12,37C_2N
X02M_NaCl,0.03605400332385524,0.004778589604606511,5,12,37C_2N
SC,-0.05024696445986589,0.015354767804057125,6,2,37C_2N
YPD,-0.07841587382840401,0.02215657108650463,6,2,37C_2N
pH3_8,-0.04294432374689537,0.022330287524010995,6,2,37C_2N
X21C,-0.029167143975858498,0.012414528625606288,6,2,37C_2N
X37C,-0.05526398814485925,0.027564105257600127,6,2,37C_2N
pH7_3,-0.043908541204960995,0.015968019963386374,6,2,37C_2N
GlyEtOH,-0.07649070027056451,0.04882001490259888,6,2,37C_2N
X02M_NaCl,-0.048200614366556885,0.02248809823164488,6,2,37C_2N
SC,-0.006810615766596388,0.004672879124311763,7,1,37C_2N
YPD,-0.00103077860659618,0.005922421021789113,7,1,37C_2N
pH3_8,-0.0023347733417420874,0.0061916250911920375,7,1,37C_2N
X21C,-0.04561019895042737,0.008389946689746625,7,1,37C_2N
X37C,0.010100533485136625,0.0054010077521343,7,1,37C_2N
pH7_3,-0.010958862919850525,0.0058102961296465,7,1,37C_2N
GlyEtOH,-0.0053977273465028374,0.0076026265593972875,7,1,37C_2N
X02M_NaCl,0.005316469638767437,0.005680914754519225,7,1,37C_2N
SC,-0.037055263064050124,0.005673390600531975,8,1,37C_2N
YPD,-0.03732178180157163,0.0076601555645756,8,1,37C_2N
pH3_8,-0.024261881732041624,0.007067206856908163,8,1,37C_2N
X21C,-0.08050989010060225,0.01569387095211225,8,1,37C_2N
X37C,0.005690847634387388,0.005297617901874363,8,1,37C_2N
pH7_3,-0.001584800565298775,0.005682377033730137,8,1,37C_2N
GlyEtOH,0.004024330372584,0.0076800576714888,8,1,37C_2N
X02M_NaCl,-0.056613145680136874,0.010340265891582275,8,1,37C_2N
SC,0.002422334225172175,0.00459412713540335,9,1,37C_2N
YPD,0.00416222296779845,0.005901959871466663,9,1,37C_2N
pH3_8,-0.0032675661052037125,0.006357226477799725,9,1,37C_2N
X21C,0.00488070475854955,0.005130401303614712,9,1,37C_2N
X37C,0.0057818281650306,0.0054146014281419375,9,1,37C_2N
pH7_3,0.00639214065948425,0.005237080545452812,9,1,37C_2N
GlyEtOH,0.010061536047709313,0.007661588716055687,9,1,37C_2N
X02M_NaCl,-0.0500305589900255,0.010236092691231113,9,1,37C_2N
SC,0.008858250544163275,0.0031292779550229875,10,1,37C_2N
YPD,0.031389138811182625,0.004364333340755725,10,1,37C_2N
pH3_8,0.005555525780431637,0.0051956720653064,10,1,37C_2N
X21C,0.03386464166634975,0.00288562497420405,10,1,37C_2N
X37C,0.060526967771165625,0.004589635442638025,10,1,37C_2N
pH7_3,0.021384129373316626,0.0038377644123318375,10,1,37C_2N
GlyEtOH,0.08683547941253288,0.004435162795726675,10,1,37C_2N
X02M_NaCl,0.018263690169225,0.004080393760044762,10,1,37C_2N
SC,-0.02194486748964025,0.00874354791445765,1,1,48Hr_2N
YPD,-0.055998455447731875,0.013041560381477375,1,1,48Hr_2N
pH3_8,-0.022789493964834876,0.010728214994222763,1,1,48Hr_2N
X21C,-0.015046453347856125,0.01091991050278435,1,1,48Hr_2N
X37C,-0.0967516099584775,0.01597063837300275,1,1,48Hr_2N
pH7_3,-0.040393968632942874,0.011716862672296387,1,1,48Hr_2N
GlyEtOH,-0.040928549132541625,0.042745354454886,1,1,48Hr_2N
X02M_NaCl,-0.04694292253417238,0.01850106265923575,1,1,48Hr_2N
SC,0.027973846637296497,0.003401733528203263,2,3,48Hr_2N
YPD,0.0035208316357765333,0.004866103888595737,2,3,48Hr_2N
pH3_8,0.03560591821031162,0.005336061527640187,2,3,48Hr_2N
X21C,0.008103753747871908,0.004003587981281124,2,3,48Hr_2N
X37C,0.036766179390894375,0.004747476559601463,2,3,48Hr_2N
pH7_3,0.023584653024170628,0.004141876791992313,2,3,48Hr_2N
GlyEtOH,0.03643426833895689,0.005604585923818902,2,3,48Hr_2N
X02M_NaCl,0.032915541178798614,0.004723399926540174,2,3,48Hr_2N
SC,0.01688092291084063,0.0048652614409597,3,3,48Hr_2N
YPD,0.00666913677137509,0.007121231604988513,3,3,48Hr_2N
pH3_8,0.017981638075234244,0.006294106227876199,3,3,48Hr_2N
X21C,0.007236932578497878,0.005768099234927526,3,3,48Hr_2N
X37C,0.0030455501989183494,0.006372181499283749,3,3,48Hr_2N
pH7_3,0.03814428444186276,0.005225842327438976,3,3,48Hr_2N
GlyEtOH,0.019561459205392123,0.008375139393191337,3,3,48Hr_2N
X02M_NaCl,0.004824080096673901,0.006577523719293325,3,3,48Hr_2N
SC,0.015545190456623125,0.00483809480324395,4,1,48Hr_2N
YPD,-0.004578514180013787,0.008191262507691338,4,1,48Hr_2N
pH3_8,0.015153181838030876,0.006354843834398575,4,1,48Hr_2N
X21C,0.009508582181702663,0.006616720239190087,4,1,48Hr_2N
X37C,0.007025504917005362,0.006548711048609813,4,1,48Hr_2N
pH7_3,-0.03902989496531775,0.012089335938033262,4,1,48Hr_2N
GlyEtOH,0.032442582831624,0.007975098780018763,4,1,48Hr_2N
X02M_NaCl,-0.0016447101500770874,0.006829860893522275,4,1,48Hr_2N
SC,0.030601489856311875,0.00314870820725205,5,1,48Hr_2N
YPD,-0.02030182061393675,0.004568594298627225,5,1,48Hr_2N
pH3_8,0.030311688618693374,0.005211854696508312,5,1,48Hr_2N
X21C,-0.02223621783531475,0.0034391646523568875,5,1,48Hr_2N
X37C,0.010285512858667425,0.004649799679094112,5,1,48Hr_2N
pH7_3,-6.649247614614125e-4,0.003961370378934375,5,1,48Hr_2N
GlyEtOH,0.0272570726852975,0.004601431949142025,5,1,48Hr_2N
X02M_NaCl,-0.016274556773251625,0.004474988171200362,5,1,48Hr_2N
SC,0.016773120534670255,0.0033031562622253376,6,6,48Hr_2N
YPD,0.008762200648497597,0.004591660571284788,6,6,48Hr_2N
pH3_8,0.021321960552070373,0.005299949460776413,6,6,48Hr_2N
X21C,0.006552412635477658,0.0035957606987834494,6,6,48Hr_2N
X37C,0.00515219082518884,0.004750894959666464,6,6,48Hr_2N
pH7_3,8.607749575269708e-4,0.0041060456393511875,6,6,48Hr_2N
GlyEtOH,0.045989561320522114,0.004833077774782825,6,6,48Hr_2N
X02M_NaCl,0.022744890694788498,0.004497669266455375,6,6,48Hr_2N
SC,-0.006075596349809101,0.006216271269172575,7,2,48Hr_2N
YPD,-0.024924791672898246,0.008495863328396788,7,2,48Hr_2N
pH3_8,-0.018222634325064622,0.0080349707726282,7,2,48Hr_2N
X21C,-0.04214601956193424,0.009119408841677612,7,2,48Hr_2N
X37C,-0.0023192248564462372,0.00642257911816855,7,2,48Hr_2N
pH7_3,0.0031420476643897882,0.006540208656640212,7,2,48Hr_2N
GlyEtOH,0.006244459842066413,0.009952841444348375,7,2,48Hr_2N
X02M_NaCl,-0.019535709435197994,0.009048526311005535,7,2,48Hr_2N
SC,0.01459910771558925,0.004654660240293075,8,1,48Hr_2N
YPD,0.007210885030604888,0.0063082196941167,8,1,48Hr_2N
pH3_8,0.011974185241151387,0.0063590101073299,8,1,48Hr_2N
X21C,0.009064915108874338,0.0055130365613734,8,1,48Hr_2N
X37C,0.0015630269914053375,0.006196181771039463,8,1,48Hr_2N
pH7_3,0.02113505171054575,0.005265557726754825,8,1,48Hr_2N
GlyEtOH,0.05775385574819575,0.00605414482629725,8,1,48Hr_2N
X02M_NaCl,0.00106980291128819,0.006664840189204325,8,1,48Hr_2N
SC,-0.03331639385899989,0.015278441189510375,1,6,Ancestor_YPD_2N
YPD,-0.046743364197975236,0.02359121001979225,1,6,Ancestor_YPD_2N
pH3_8,-0.011644427614616124,0.01733925081837775,1,6,Ancestor_YPD_2N
X21C,-0.017218733324203747,0.011049897387409737,1,6,Ancestor_YPD_2N
X37C,0.012214477900366415,0.013139108892816874,1,6,Ancestor_YPD_2N
pH7_3,-0.009043648851360142,0.020364086707605374,1,6,Ancestor_YPD_2N
GlyEtOH,0.016598641471545748,0.008744600378301399,1,6,Ancestor_YPD_2N
X02M_NaCl,-0.013587288753256377,0.0105344711291294,1,6,Ancestor_YPD_2N
SC,-0.026639986471985375,0.007218668228687263,1,81,CLM_2N
YPD,-0.016982894327317255,0.008235905373712351,1,81,CLM_2N
pH3_8,-0.015323218602609245,0.007794048351638661,1,81,CLM_2N
X21C,-0.021165191788644747,0.0052862390342032,1,81,CLM_2N
X37C,0.00197952179950675,0.008787857786713002,1,81,CLM_2N
pH7_3,-0.05263840992768977,0.014071184681474504,1,81,CLM_2N
GlyEtOH,-0.02657293824569125,0.007398983045077675,1,81,CLM_2N
X02M_NaCl,-0.009486406265671325,0.005522416468787313,1,81,CLM_2N
SC,-0.05310477397694125,0.00592439971665395,2,1,CLM_2N
YPD,-0.0384865406579835,0.007259775877931862,2,1,CLM_2N
pH3_8,-0.04919123496163225,0.007641103213717875,2,1,CLM_2N
X21C,-0.04251444485509188,0.006198546418496225,2,1,CLM_2N
X37C,-0.027561637254509375,0.00639340696586815,2,1,CLM_2N
pH7_3,-0.1751951571503225,0.017553437961970127,2,1,CLM_2N
GlyEtOH,-0.06742664987439838,0.009601030803615837,2,1,CLM_2N
X02M_NaCl,-0.018028618783833,0.00549870893344005,2,1,CLM_2N
SC,-0.054568602646478,0.010500015082060313,1,504,FLC4_2N
YPD,-0.0376845657433575,0.013032515409484873,1,504,FLC4_2N
pH3_8,-0.06895724253767276,0.02010053827562587,1,504,FLC4_2N
X21C,-0.0680733748463221,0.01025006012379246,1,504,FLC4_2N
X37C,-0.04341478717551475,0.011399729014071824,1,504,FLC4_2N
pH7_3,-0.04595957400275686,0.043698821640092866,1,504,FLC4_2N
GlyEtOH,-0.046471899176007754,0.019226738091161873,1,504,FLC4_2N
X02M_NaCl,-0.06511276887404636,0.0170171148530215,1,504,FLC4_2N
SC,-0.026696133688685005,0.006357891829384725,2,35,FLC4_2N
YPD,-0.02519590646184763,0.008449190517463264,2,35,FLC4_2N
pH3_8,-0.03646222717387299,0.008955116628160025,2,35,FLC4_2N
X21C,-0.03916493076881763,0.007750947053369975,2,35,FLC4_2N
X37C,-0.04975529141396935,0.008334532428883674,2,35,FLC4_2N
pH7_3,-0.05551120005387349,0.0122383677419293,2,35,FLC4_2N
GlyEtOH,0.02146297571447938,0.005962426983885363,2,35,FLC4_2N
X02M_NaCl,-0.0323114231954555,0.007984828523431388,2,35,FLC4_2N
SC,-0.042948398469586244,0.009859151414265412,3,2,FLC4_2N
YPD,-0.03695331068807475,0.013732103156282626,3,2,FLC4_2N
pH3_8,-0.07729663270945997,0.021829994380913872,3,2,FLC4_2N
X21C,0.0135070279703535,0.006660713835190312,3,2,FLC4_2N
X37C,-0.035883225975628,0.012638483964438252,3,2,FLC4_2N
pH7_3,-1.734723475976807e-18,0.060643080358538506,3,2,FLC4_2N
GlyEtOH,-0.06291589861254361,0.012695170518847375,3,2,FLC4_2N
X02M_NaCl,-0.12392678888297554,0.007910056924747152,3,2,FLC4_2N
SC,-0.0274366473435645,0.007222158446955363,4,8,FLC4_2N
YPD,-0.021323549556653,0.008673808359316599,4,8,FLC4_2N
pH3_8,-0.02369365396655375,0.008346876665007701,4,8,FLC4_2N
X21C,-0.022264585687917875,0.006771503079727874,4,8,FLC4_2N
X37C,-0.030816136014411757,0.007860112015375826,4,8,FLC4_2N
pH7_3,-0.06280343537341901,0.011111290155992338,4,8,FLC4_2N
GlyEtOH,-0.03391587380313325,0.012022941697118638,4,8,FLC4_2N
X02M_NaCl,-0.028470684034411,0.008172407260781025,4,8,FLC4_2N
SC,-0.01829094267499837,0.0067192248822136,5,5,FLC4_2N
YPD,-0.042354444367667,0.015861567556905248,5,5,FLC4_2N
pH3_8,-0.0081321343866374,0.007799319695166063,5,5,FLC4_2N
X21C,-0.029070278728024014,0.007046165863035237,5,5,FLC4_2N
X37C,-0.022816821551607625,0.008512275396617138,5,5,FLC4_2N
pH7_3,0.004037929474731738,0.007128957268661812,5,5,FLC4_2N
GlyEtOH,-0.016190363796389003,0.012758751121864377,5,5,FLC4_2N
X02M_NaCl,-0.015245007189037502,0.0071792048755586375,5,5,FLC4_2N
SC,0.009525065347188076,0.0047896996692666,6,7,FLC4_2N
YPD,-0.007843156312797783,0.0065302656476493,6,7,FLC4_2N
pH3_8,0.003078153863130288,0.006579524951479999,6,7,FLC4_2N
X21C,0.005830598201041339,0.005235714016934914,6,7,FLC4_2N
X37C,0.0015282661222949497,0.006381226418112575,6,7,FLC4_2N
pH7_3,-0.03808761573860725,0.009373032960331876,6,7,FLC4_2N
GlyEtOH,-0.0014971785801836742,0.011157887716518513,6,7,FLC4_2N
X02M_NaCl,0.0057887122742164,0.006227513782879,6,7,FLC4_2N
SC,-0.029069171208021504,0.00504737275070695,7,2,FLC4_2N
YPD,-0.02639464133374287,0.006866118791575813,7,2,FLC4_2N
pH3_8,-0.03471305982290776,0.007340584996375262,7,2,FLC4_2N
X21C,-0.00805350233684354,0.0049104617908516755,7,2,FLC4_2N
X37C,-0.04425931677854099,0.006444627316372523,7,2,FLC4_2N
pH7_3,-0.05664107927574062,0.008641299739478886,7,2,FLC4_2N
GlyEtOH,0.009954478784195465,0.005152189530024138,7,2,FLC4_2N
X02M_NaCl,-0.07913290496206364,0.005554272805221011,7,2,FLC4_2N
SC,0.007425709515926589,0.0044934635949045,1,50,GlyEtOH_2N
YPD,0.004802059055839538,0.006061769972569576,1,50,GlyEtOH_2N
pH3_8,0.005120921604482899,0.006238759115310025,1,50,GlyEtOH_2N
X21C,-0.0013955161094140133,0.005708479404048776,1,50,GlyEtOH_2N
X37C,0.0017151392002262634,0.005724346554463637,1,50,GlyEtOH_2N
pH7_3,-0.0034089760079693615,0.005793157489110687,1,50,GlyEtOH_2N
GlyEtOH,0.05264960982765749,0.005852860289121812,1,50,GlyEtOH_2N
X02M_NaCl,0.01307650643653262,0.005966479206050836,1,50,GlyEtOH_2N
SC,-0.027793611115250267,0.008624660540472737,2,23,GlyEtOH_2N
YPD,-0.025837380090593998,0.011928061817974225,2,23,GlyEtOH_2N
pH3_8,-0.026303609905040378,0.011910113724837527,2,23,GlyEtOH_2N
X21C,-0.033613178349272126,0.010263198571298437,2,23,GlyEtOH_2N
X37C,-0.05006300447817263,0.011660844152113799,2,23,GlyEtOH_2N
pH7_3,-0.057575626877006375,0.01937574587070625,2,23,GlyEtOH_2N
GlyEtOH,0.02951338976907038,0.006906248626711939,2,23,GlyEtOH_2N
X02M_NaCl,-0.04113842651899649,0.009965530353808186,2,23,GlyEtOH_2N
SC,-0.046011889116741145,0.008809115298589788,3,6,GlyEtOH_2N
YPD,-0.08410890517385501,0.016406665597047124,3,6,GlyEtOH_2N
pH3_8,-0.04191459871396649,0.012488802182309649,3,6,GlyEtOH_2N
X21C,-0.052920345446474754,0.010452539263650213,3,6,GlyEtOH_2N
X37C,-0.010633272176404961,0.007794800412663275,3,6,GlyEtOH_2N
pH7_3,-0.0478853095768465,0.012343361845038137,3,6,GlyEtOH_2N
GlyEtOH,0.07254145568925327,0.005502084452168599,3,6,GlyEtOH_2N
X02M_NaCl,-0.024987784384377876,0.010202818990117662,3,6,GlyEtOH_2N
SC,-0.026768910876307374,0.006559595227271325,4,22,GlyEtOH_2N
YPD,-0.03645363763294164,0.009699475392450176,4,22,GlyEtOH_2N
pH3_8,-0.01995723964439324,0.009385291064881299,4,22,GlyEtOH_2N
X21C,-0.018689105452371124,0.006384377679528338,4,22,GlyEtOH_2N
X37C,9.35315122319867e-4,0.006117137504512401,4,22,GlyEtOH_2N
pH7_3,-0.01587687471944013,0.007785213804107751,4,22,GlyEtOH_2N
GlyEtOH,0.02717460703720463,0.005584296933160362,4,22,GlyEtOH_2N
X02M_NaCl,-0.012749822069588001,0.006749485803068525,4,22,GlyEtOH_2N
SC,0.012308848848823788,0.0038439352504138127,5,1,GlyEtOH_2N
YPD,0.007316803574425462,0.005115439214338125,5,1,GlyEtOH_2N
pH3_8,0.008540546513915137,0.0057457465131060875,5,1,GlyEtOH_2N
X21C,0.01272261308075625,0.0037513456511867626,5,1,GlyEtOH_2N
X37C,-0.0011216965692961538,0.005575244481542462,5,1,GlyEtOH_2N
pH7_3,-0.04916454039598975,0.00715141113859635,5,1,GlyEtOH_2N
GlyEtOH,0.065987988052249,0.004633797149877825,5,1,GlyEtOH_2N
X02M_NaCl,0.011494873133268075,0.004749679130273763,5,1,GlyEtOH_2N
SC,-0.007710804961883913,0.005298702131480238,6,1,GlyEtOH_2N
YPD,-0.030139417658052,0.008045635127562713,6,1,GlyEtOH_2N
pH3_8,0.0020035046409791874,0.0066214886296619,6,1,GlyEtOH_2N
X21C,-0.0263644767480935,0.006554797510550525,6,1,GlyEtOH_2N
X37C,-0.040787314101437,0.007102919777660787,6,1,GlyEtOH_2N
pH7_3,-0.046764745294374625,0.011318522485392,6,1,GlyEtOH_2N
GlyEtOH,0.06397564218709012,0.00545717703827995,6,1,GlyEtOH_2N
X02M_NaCl,0.0033237172811202624,0.0064089545450166,6,1,GlyEtOH_2N
SC,0.014423834525187,0.004229002555912937,7,5,GlyEtOH_2N
YPD,0.007312426230676463,0.005348469855120725,7,5,GlyEtOH_2N
pH3_8,0.008798634838875427,0.0058850906110648376,7,5,GlyEtOH_2N
X21C,0.01587010020092563,0.004254547670125851,7,5,GlyEtOH_2N
X37C,0.018432793930387,0.005343391170356189,7,5,GlyEtOH_2N
pH7_3,0.01277445253945338,0.005004445418742587,7,5,GlyEtOH_2N
GlyEtOH,0.027825767468698866,0.005395526829859588,7,5,GlyEtOH_2N
X02M_NaCl,0.021408716138584753,0.004885536385110512,7,5,GlyEtOH_2N
SC,-0.008348802030154513,0.0075413591866089,8,1,GlyEtOH_2N
YPD,-0.011132869019042875,0.00909172045334685,8,1,GlyEtOH_2N
pH3_8,0.0064948961208382,0.0077498931349951625,8,1,GlyEtOH_2N
X21C,-0.01133126329325185,0.005423319376060763,8,1,GlyEtOH_2N
X37C,-0.002281329778346925,0.010529666839585538,8,1,GlyEtOH_2N
pH7_3,0.028566409972552876,0.00624064284930205,8,1,GlyEtOH_2N
GlyEtOH,0.0385371485424005,0.00694781554209265,8,1,GlyEtOH_2N
X02M_NaCl,-0.0113676356710169,0.006379458002874087,8,1,GlyEtOH_2N
SC,0.011556227389229526,0.004571957951798476,9,5,GlyEtOH_2N
YPD,0.008635253180060337,0.005186506918095625,9,5,GlyEtOH_2N
pH3_8,0.004680076114652475,0.006343062800203412,9,5,GlyEtOH_2N
X21C,0.013373562380857747,0.0048610450190103,9,5,GlyEtOH_2N
X37C,-0.00540663911653361,0.005805203872602251,9,5,GlyEtOH_2N
pH7_3,-0.033434303881801,0.006861669069915887,9,5,GlyEtOH_2N
GlyEtOH,0.029997363777165012,0.0054363277500728635,9,5,GlyEtOH_2N
X02M_NaCl,0.021664930921966245,0.005364371512786451,9,5,GlyEtOH_2N
SC,-0.05165322392486739,0.008600908076670362,10,6,GlyEtOH_2N
YPD,-0.09257154201653539,0.01539782649301275,10,6,GlyEtOH_2N
pH3_8,-0.05036027015360863,0.012088051348910353,10,6,GlyEtOH_2N
X21C,-0.0471355353776545,0.0092916266261384,10,6,GlyEtOH_2N
X37C,2.168404344971009e-19,0.028355139903137875,10,6,GlyEtOH_2N
pH7_3,6.164415069424205e-4,0.007200205111080938,10,6,GlyEtOH_2N
GlyEtOH,0.057558725419436,0.007345211257190462,10,6,GlyEtOH_2N
X02M_NaCl,-0.05416717052635675,0.011835222878176198,10,6,GlyEtOH_2N
SC,-0.025686169465496626,0.006685740161411012,11,1,GlyEtOH_2N
YPD,-0.08292951446946288,0.011923436305106562,11,1,GlyEtOH_2N
pH3_8,-0.030298312833558626,0.008781948657860337,11,1,GlyEtOH_2N
X21C,-0.008863587689314376,0.0062390337437749,11,1,GlyEtOH_2N
X37C,-0.11310540460264625,0.028661506659002627,11,1,GlyEtOH_2N
pH7_3,0.004425199005731763,0.005912979628397787,11,1,GlyEtOH_2N
GlyEtOH,0.04564266797560425,0.00686301382776165,11,1,GlyEtOH_2N
X02M_NaCl,-0.05869481004816988,0.011324535788937424,11,1,GlyEtOH_2N
SC,4.1659903266663e-4,0.004470769375910738,12,1,GlyEtOH_2N
YPD,-0.013956944958389126,0.006020717764185437,12,1,GlyEtOH_2N
pH3_8,-0.007118527856903925,0.006200259252064913,12,1,GlyEtOH_2N
X21C,-0.0297764173305375,0.005680670746780225,12,1,GlyEtOH_2N
X37C,-0.03653898345409875,0.0059918191561598,12,1,GlyEtOH_2N
pH7_3,0.010362323130529025,0.0051133159709028,12,1,GlyEtOH_2N
GlyEtOH,0.056548669765665624,0.005300324598922925,12,1,GlyEtOH_2N
X02M_NaCl,-0.005411903456535675,0.005903629174441625,12,1,GlyEtOH_2N
SC,0.013560437000291624,0.0047880438304162875,13,1,GlyEtOH_2N
YPD,0.00455925085679525,0.006449624819417288,13,1,GlyEtOH_2N
pH3_8,0.005810407425965063,0.006372818210241487,13,1,GlyEtOH_2N
X21C,0.007798982673275875,0.005142617525952525,13,1,GlyEtOH_2N
X37C,0.009404624136670574,0.005873257565701625,13,1,GlyEtOH_2N
pH7_3,-0.0018761804090123375,0.006449744002120787,13,1,GlyEtOH_2N
GlyEtOH,0.043903406700679624,0.006160455988841663,13,1,GlyEtOH_2N
X02M_NaCl,-0.0646320946611925,0.01281118527386025,13,1,GlyEtOH_2N
SC,-0.025533809456882876,0.0044794558217469875,14,1,GlyEtOH_2N
YPD,-0.036164392956121,0.005768485626911688,14,1,GlyEtOH_2N
pH3_8,-0.02829492660366425,0.006604685771404625,14,1,GlyEtOH_2N
X21C,-0.024721103285008875,0.004641878442293188,14,1,GlyEtOH_2N
X37C,-0.03211144571440225,0.005806515238896975,14,1,GlyEtOH_2N
pH7_3,-0.04922437593203838,0.0072168922923678625,14,1,GlyEtOH_2N
GlyEtOH,0.07418354515573088,0.004568309669219388,14,1,GlyEtOH_2N
X02M_NaCl,-0.0156838227367425,0.0053860850161099,14,1,GlyEtOH_2N
SC,-0.02958392224822375,0.004957271870650388,15,1,GlyEtOH_2N
YPD,-0.043120895241011876,0.0067890257945373,15,1,GlyEtOH_2N
pH3_8,-0.039139285534554875,0.007635854945040613,15,1,GlyEtOH_2N
X21C,-0.036264450410679376,0.005890508192051775,15,1,GlyEtOH_2N
X37C,-0.079466127811616,0.00771448367056485,15,1,GlyEtOH_2N
pH7_3,-0.020271982394428126,0.006429620335312663,15,1,GlyEtOH_2N
GlyEtOH,0.07717921456196625,0.004645647038841688,15,1,GlyEtOH_2N
X02M_NaCl,-0.03309331664251437,0.0071273165694551,15,1,GlyEtOH_2N
SC,-0.012203876850656057,0.004297312213049537,1,2,none
YPD,-0.02311498971707575,0.005478978083835974,1,2,none
pH3_8,-0.012719671076617884,0.0062591192206127005,1,2,none
X21C,-0.010994064486890763,0.004614312949350212,1,2,none
X37C,0.001509543354090302,0.0051022575376085755,1,2,none
pH7_3,-0.021320023684637267,0.005738629845952625,1,2,none
GlyEtOH,0.07365815456956375,0.004602734030878449,1,2,none
X02M_NaCl,-0.006208960649619143,0.005261891942479576,1,2,none
SC,0.009696809959415837,0.0034538702205046375,2,1,none
YPD,0.006750700928824163,0.0048988088072231374,2,1,none
pH3_8,0.01211609334564025,0.005384466961036612,2,1,none
X21C,0.008242086178362374,0.0034716389856794126,2,1,none
X37C,0.004325304845104813,0.004893777519137462,2,1,none
pH7_3,-0.007414179840745362,0.004491961643350788,2,1,none
GlyEtOH,0.04900920084234212,0.004646081275988125,2,1,none
X02M_NaCl,0.00824588244918025,0.00451296212423925,2,1,none
SC,-0.02108068562662274,0.011054892881075425,1,23,pH3_8_2N
YPD,-2.532758209097643e-4,0.009869109945217886,1,23,pH3_8_2N
pH3_8,0.008718273483950987,0.010387850232710624,1,23,pH3_8_2N
X21C,5.842938201461399e-4,0.009361797001595161,1,23,pH3_8_2N
X37C,0.023086303779879372,0.010063912384001387,1,23,pH3_8_2N
pH7_3,0.012340781048914473,0.010702214722369149,1,23,pH3_8_2N
GlyEtOH,-0.004686616988373586,0.011349070342612238,1,23,pH3_8_2N
X02M_NaCl,0.019696754193316752,0.007739717071220625,1,23,pH3_8_2N
SC,-0.033239859452253884,0.010708204687932,2,4,pH3_8_2N
YPD,-0.045054675972753255,0.01545723139008075,2,4,pH3_8_2N
pH3_8,-0.03932962964255425,0.014457786481608002,2,4,pH3_8_2N
X21C,-0.017892237144032125,0.009362601791080175,2,4,pH3_8_2N
X37C,-0.07722736549244226,0.017381320769578625,2,4,pH3_8_2N
pH7_3,-0.020011956313941502,0.011780650351200777,2,4,pH3_8_2N
GlyEtOH,-0.05524482663956613,0.030305103031064755,2,4,pH3_8_2N
X02M_NaCl,-0.03631387992094999,0.013207520526417375,2,4,pH3_8_2N
SC,0.0269455623033615,0.003679201069403175,3,1,pH3_8_2N
YPD,0.003219999369592475,0.005394458016390675,3,1,pH3_8_2N
pH3_8,0.03905193678243875,0.005457521857418587,3,1,pH3_8_2N
X21C,0.006885561122567238,0.004445104110792,3,1,pH3_8_2N
X37C,0.033959650859732377,0.004978098627403463,3,1,pH3_8_2N
pH7_3,0.015901483930389124,0.00462448488845415,3,1,pH3_8_2N
GlyEtOH,0.03129562870713363,0.006257705402804263,3,1,pH3_8_2N
X02M_NaCl,0.034910913325287375,0.004974347636643663,3,1,pH3_8_2N
SC,-0.12247915185858299,0.022407779653097624,4,2,pH3_8_2N
YPD,-0.03266942690152463,0.03713616130020413,4,2,pH3_8_2N
pH3_8,-0.08276050958044998,0.03136383161485363,4,2,pH3_8_2N
X21C,-0.054456588271259,0.034391276710636,4,2,pH3_8_2N
X37C,-0.10075745090459298,0.026686428461829875,4,2,pH3_8_2N
pH7_3,-0.11182665418232625,0.024269138816867503,4,2,pH3_8_2N
GlyEtOH,-0.04550654736892887,0.041734058788795624,4,2,pH3_8_2N
X02M_NaCl,-0.023465474740440122,0.03219542571159813,4,2,pH3_8_2N
SC,-0.0011328510628298976,0.005724378866520837,5,1,pH3_8_2N
YPD,-0.021553652119258877,0.008462882472100263,5,1,pH3_8_2N
pH3_8,-0.00648998630993595,0.007196707186510125,5,1,pH3_8_2N
X21C,-0.006104991534077562,0.006272525755057863,5,1,pH3_8_2N
X37C,-0.0268029651455765,0.00761558617302055,5,1,pH3_8_2N
pH7_3,-0.004537896115172762,0.0071356762879597625,5,1,pH3_8_2N
GlyEtOH,0.004950450327323975,0.009004189167371538,5,1,pH3_8_2N
X02M_NaCl,0.018089814397735875,0.0059035869578437875,5,1,pH3_8_2N
SC,0.0179880793060605,0.004423604190590062,6,1,pH3_8_2N
YPD,0.0020600775222374625,0.006595766839948725,6,1,pH3_8_2N
pH3_8,0.023123772848412,0.0059795505891772375,6,1,pH3_8_2N
X21C,0.0015314735880270125,0.005335225258332313,6,1,pH3_8_2N
X37C,0.0011713830381197676,0.005960389256757975,6,1,pH3_8_2N
pH7_3,0.035930663981841,0.005080755533972662,6,1,pH3_8_2N
GlyEtOH,0.01882273848085175,0.006925174333359112,6,1,pH3_8_2N
X02M_NaCl,0.019384253759475625,0.005667820015294225,6,1,pH3_8_2N
SC,0.025697595587191,0.00385359475996305,7,1,pH3_8_2N
YPD,-0.009300097666205775,0.005820004502053737,7,1,pH3_8_2N
pH3_8,0.02116847694778375,0.005689688429939913,7,1,pH3_8_2N
X21C,0.023434966841364126,0.0043881954678514,7,1,pH3_8_2N
X37C,0.003783554185032975,0.005296040327783525,7,1,pH3_8_2N
pH7_3,0.011931977915197787,0.0054674888270864,7,1,pH3_8_2N
GlyEtOH,0.03383038000287025,0.005564318174843025,7,1,pH3_8_2N
X02M_NaCl,0.047080783649676376,0.004794269557123825,7,1,pH3_8_2N
SC,0.03311185542857462,0.004009525292933512,8,1,pH3_8_2N
YPD,-0.01572075715765875,0.007873717731032938,8,1,pH3_8_2N
pH3_8,0.04474106829255075,0.00563603101107555,8,1,pH3_8_2N
X21C,0.005548682850031062,0.005507867583808225,8,1,pH3_8_2N
X37C,-0.017000225377659876,0.006314582846787275,8,1,pH3_8_2N
pH7_3,-0.09484305056127475,0.018656953436658,8,1,pH3_8_2N
GlyEtOH,0.031197794196424874,0.0066759720966386125,8,1,pH3_8_2N
X02M_NaCl,0.020155169212344375,0.005880093966617687,8,1,pH3_8_2N
SC,-0.03161034219012562,0.008514621057001712,1,4,pH7_3_2N
YPD,-0.0396496629734935,0.011395564964523415,1,4,pH7_3_2N
pH3_8,-0.028844378242887003,0.010045866189518063,1,4,pH7_3_2N
X21C,-0.064023118918326,0.013057667249097002,1,4,pH7_3_2N
X37C,-0.013520736222446506,0.008478465920217915,1,4,pH7_3_2N
pH7_3,-0.003752186679980162,0.008354999152905176,1,4,pH7_3_2N
GlyEtOH,0.005811650780833825,0.010401965445048525,1,4,pH7_3_2N
X02M_NaCl,-0.03633326004592075,0.0109836392352857,1,4,pH7_3_2N
SC,-0.09883270340928875,0.015567182137497625,2,1,pH7_3_2N
YPD,-0.08737863584605338,0.025556545951619623,2,1,pH7_3_2N
pH3_8,-0.0832166091364335,0.025971716803355,2,1,pH7_3_2N
X21C,-0.1796983540712425,0.03640030074574613,2,1,pH7_3_2N
X37C,-0.036940282562587,0.012350227184462775,2,1,pH7_3_2N
pH7_3,-0.00440035682390535,0.010269849479434524,2,1,pH7_3_2N
GlyEtOH,0.04817689381351738,0.036755601493954626,2,1,pH7_3_2N
X02M_NaCl,0,0.06583383380960738,2,1,pH7_3_2N
SC,-0.01383040188074813,0.006706080782080525,3,27,pH7_3_2N
YPD,-7.987446975014314e-4,0.007919957980365702,3,27,pH7_3_2N
pH3_8,-0.019118364009478122,0.008234139531673262,3,27,pH7_3_2N
X21C,-0.03173729010771349,0.0089093155009854,3,27,pH7_3_2N
X37C,-0.012590792672554248,0.007147733268421237,3,27,pH7_3_2N
pH7_3,0.005321231297015287,0.0060940782155956,3,27,pH7_3_2N
GlyEtOH,-0.023341164137636622,0.014119607315692,3,27,pH7_3_2N
X02M_NaCl,0.0022433517159393124,0.00764087683669165,3,27,pH7_3_2N
SC,-0.048081908365293115,0.0105822120962072,4,9,pH7_3_2N
YPD,-0.0015969236776908347,0.008553118885509062,4,9,pH7_3_2N
pH3_8,0.0020458110477119,0.008366118724161738,4,9,pH7_3_2N
X21C,-0.052187211433386865,0.010906546976759487,4,9,pH7_3_2N
X37C,-0.08796982282786038,0.01668405311883287,4,9,pH7_3_2N
pH7_3,0.05708685898222438,0.005297713813125387,4,9,pH7_3_2N
GlyEtOH,-0.010600018284239742,0.012658718160784628,4,9,pH7_3_2N
X02M_NaCl,-0.02973550377639313,0.009101399002134275,4,9,pH7_3_2N
SC,0.004900469756596863,0.006243838411659113,5,1,pH7_3_2N
YPD,0.004300203521354163,0.007796522309425438,5,1,pH7_3_2N
pH3_8,0.006378014958563663,0.00746707700127175,5,1,pH7_3_2N
X21C,7.605417781150625e-4,0.0063623845869365874,5,1,pH7_3_2N
X37C,-6.761144623912975e-4,0.007282644296084025,5,1,pH7_3_2N
pH7_3,0.0440027534646385,0.005025295145031562,5,1,pH7_3_2N
GlyEtOH,0.02470907197321225,0.010272923298190738,5,1,pH7_3_2N
X02M_NaCl,0.007586980675785775,0.007581960457473675,5,1,pH7_3_2N
SC,-0.02962836628107725,0.007600373458172788,6,1,pH7_3_2N
YPD,-0.013998732306596,0.00870414394616605,6,1,pH7_3_2N
pH3_8,0.00716143874079005,0.007354043076521512,6,1,pH7_3_2N
X21C,-0.01796102448334025,0.006380440033022925,6,1,pH7_3_2N
X37C,-0.0280908553839755,0.010078917292958463,6,1,pH7_3_2N
pH7_3,0.03696154148456875,0.00531492782174785,6,1,pH7_3_2N
GlyEtOH,0.03673532764823988,0.007796553701051225,6,1,pH7_3_2N
X02M_NaCl,-0.011710322194221388,0.006829771392915213,6,1,pH7_3_2N
SC,0.059441866735727995,0.031164207138671,1,4,SC_2N
YPD,-0.008760514434041466,0.03491659627384226,1,4,SC_2N
pH3_8,0.02051153698113925,0.03589412528775188,1,4,SC_2N
X21C,0.04308086902473013,0.026745538099177374,1,4,SC_2N
X37C,0.03420881007478187,0.02612093914720375,1,4,SC_2N
pH7_3,0.028530077837057244,0.028419923064168996,1,4,SC_2N
GlyEtOH,0.03282538171758901,0.04544021918330476,1,4,SC_2N
X02M_NaCl,0.03513223687815512,0.03419766196763999,1,4,SC_2N
SC,-0.038641617553728996,0.019664378989284626,2,4,SC_2N
YPD,-0.03303048657766224,0.026380162261483122,2,4,SC_2N
pH3_8,-0.030723534017242243,0.02092167584675,2,4,SC_2N
X21C,-0.04638423735955862,0.010716114693964135,2,4,SC_2N
X37C,-0.04385844343147736,0.025845433564691375,2,4,SC_2N
pH7_3,-0.034216441069276265,0.02588442388793325,2,4,SC_2N
GlyEtOH,-0.07811121307173223,0.032435310143084865,2,4,SC_2N
X02M_NaCl,-0.03389560234889362,0.013911911338220999,2,4,SC_2N
SC,-0.013527774538388873,0.007492557809234211,1,20,YPD_2N
YPD,0.002888127368131351,0.007183005056931526,1,20,YPD_2N
pH3_8,-0.022437368125062248,0.008463453235699078,1,20,YPD_2N
X21C,0.0028987731928578116,0.006300600031544337,1,20,YPD_2N
X37C,0.0010296695753476536,0.0084309989454838,1,20,YPD_2N
pH7_3,-0.037657103700821384,0.013388099331301,1,20,YPD_2N
GlyEtOH,0.0010706617050217204,0.007867361143589439,1,20,YPD_2N
X02M_NaCl,0.007192594159574026,0.006237283801191662,1,20,YPD_2N
SC,0.01254421485360925,0.004685295269611862,2,1,YPD_2N
YPD,0.0092359320898719,0.006357067325729425,2,1,YPD_2N
pH3_8,0.01374760658918775,0.006335276504663275,2,1,YPD_2N
X21C,0.013332058965876374,0.004457219727507213,2,1,YPD_2N
X37C,0.0018030363647390626,0.0062296715452297,2,1,YPD_2N
pH7_3,0.020441694672637126,0.00541324429131155,2,1,YPD_2N
GlyEtOH,0.04401136230860837,0.005801188816785313,2,1,YPD_2N
X02M_NaCl,0.012758006763739876,0.0056440629142465,2,1,YPD_2N
SC,0.010222477644889212,0.0038348204565621,3,1,YPD_2N
YPD,0.005022221728310825,0.004785168609100675,3,1,YPD_2N
pH3_8,-0.0060224282132553,0.005734818414025788,3,1,YPD_2N
X21C,0.0259304363876355,0.003804423224746575,3,1,YPD_2N
X37C,0.012174558393284424,0.004981592821799125,3,1,YPD_2N
pH7_3,-0.014211843095751875,0.005390014905439213,3,1,YPD_2N
GlyEtOH,0.014501150235305625,0.005137435928689675,3,1,YPD_2N
X02M_NaCl,0.03411488422311588,0.004661482448610275,3,1,YPD_2N
SC,0.012765799788385,0.005328872167644375,4,1,YPD_2N
YPD,0.006082744755715812,0.00639267310257545,4,1,YPD_2N
pH3_8,0.0011634938116903476,0.0071345225733812,4,1,YPD_2N
X21C,0.0039007671285315377,0.006386688253686813,4,1,YPD_2N
X37C,-0.015709828495921,0.007574206037021275,4,1,YPD_2N
pH7_3,-0.04452953938478413,0.010891611699816362,4,1,YPD_2N
GlyEtOH,0.03779152046955175,0.006149671951494038,4,1,YPD_2N
X02M_NaCl,0.011670072149748387,0.006405712734368937,4,1,YPD_2N
